category,classname,displayName,description,version,sourcePage,sourceUrl,sourceAffiliations,usedBy,classificationBasis
backpack,vn_b_pack_01,,,,Live Arma Bag_Base debug-console dump,,WEST,,Public Bag_Base class from supplied live Arma debug-console dump.
backpack,vn_b_pack_01_02,,,,Live Arma Bag_Base debug-console dump,,WEST,,Public Bag_Base class from supplied live Arma debug-console dump.
backpack,vn_b_pack_02,,,,Live Arma Bag_Base debug-console dump,,WEST,,Public Bag_Base class from supplied live Arma debug-console dump.
backpack,vn_b_pack_02_02,,,,Live Arma Bag_Base debug-console dump,,WEST,,Public Bag_Base class from supplied live Arma debug-console dump.
backpack,vn_b_pack_03,,,,Live Arma Bag_Base debug-console dump,,WEST,,Public Bag_Base class from supplied live Arma debug-console dump.
backpack,vn_b_pack_03_02,,,,Live Arma Bag_Base debug-console dump,,WEST,,Public Bag_Base class from supplied live Arma debug-console dump.
backpack,vn_b_pack_04,,,,Live Arma Bag_Base debug-console dump,,WEST,,Public Bag_Base class from supplied live Arma debug-console dump.
backpack,vn_b_pack_04_02,,,,Live Arma Bag_Base debug-console dump,,WEST,,Public Bag_Base class from supplied live Arma debug-console dump.
backpack,vn_b_pack_05,,,,Live Arma Bag_Base debug-console dump,,WEST,,Public Bag_Base class from supplied live Arma debug-console dump.
backpack,vn_b_pack_05_02,,,,Live Arma Bag_Base debug-console dump,,WEST,,Public Bag_Base class from supplied live Arma debug-console dump.
backpack,vn_b_pack_arvn_01,,,,Live Arma Bag_Base debug-console dump,,WEST,,Public Bag_Base class from supplied live Arma debug-console dump.
backpack,vn_b_pack_arvn_02,,,,Live Arma Bag_Base debug-console dump,,WEST,,Public Bag_Base class from supplied live Arma debug-console dump.
backpack,vn_b_pack_arvn_03,,,,Live Arma Bag_Base debug-console dump,,WEST,,Public Bag_Base class from supplied live Arma debug-console dump.
backpack,vn_b_pack_arvn_04,,,,Live Arma Bag_Base debug-console dump,,WEST,,Public Bag_Base class from supplied live Arma debug-console dump.
backpack,vn_b_pack_ba18_01,,,,Live Arma Bag_Base debug-console dump,,WEST,,Public Bag_Base class from supplied live Arma debug-console dump.
backpack,vn_b_pack_ba22_01,,,,Live Arma Bag_Base debug-console dump,,WEST,,Public Bag_Base class from supplied live Arma debug-console dump.
backpack,vn_b_pack_lw_01,,,,Live Arma Bag_Base debug-console dump,,WEST,,Public Bag_Base class from supplied live Arma debug-console dump.
backpack,vn_b_pack_lw_02,,,,Live Arma Bag_Base debug-console dump,,WEST,,Public Bag_Base class from supplied live Arma debug-console dump.
backpack,vn_b_pack_lw_03,,,,Live Arma Bag_Base debug-console dump,,WEST,,Public Bag_Base class from supplied live Arma debug-console dump.
backpack,vn_b_pack_lw_04,,,,Live Arma Bag_Base debug-console dump,,WEST,,Public Bag_Base class from supplied live Arma debug-console dump.
backpack,vn_b_pack_lw_05,,,,Live Arma Bag_Base debug-console dump,,WEST,,Public Bag_Base class from supplied live Arma debug-console dump.
backpack,vn_b_pack_lw_06,,,,Live Arma Bag_Base debug-console dump,,WEST,,Public Bag_Base class from supplied live Arma debug-console dump.
backpack,vn_b_pack_lw_07,,,,Live Arma Bag_Base debug-console dump,,WEST,,Public Bag_Base class from supplied live Arma debug-console dump.
backpack,vn_b_pack_m41_01,,,,Live Arma Bag_Base debug-console dump,,WEST,,Public Bag_Base class from supplied live Arma debug-console dump.
backpack,vn_b_pack_m41_02,,,,Live Arma Bag_Base debug-console dump,,WEST,,Public Bag_Base class from supplied live Arma debug-console dump.
backpack,vn_b_pack_m41_03,,,,Live Arma Bag_Base debug-console dump,,WEST,,Public Bag_Base class from supplied live Arma debug-console dump.
backpack,vn_b_pack_m41_04,,,,Live Arma Bag_Base debug-console dump,,WEST,,Public Bag_Base class from supplied live Arma debug-console dump.
backpack,vn_b_pack_m41_05,,,,Live Arma Bag_Base debug-console dump,,WEST,,Public Bag_Base class from supplied live Arma debug-console dump.
backpack,vn_b_pack_m5_01,,,,Live Arma Bag_Base debug-console dump,,WEST,,Public Bag_Base class from supplied live Arma debug-console dump.
backpack,vn_b_pack_p08_01,,,,Live Arma Bag_Base debug-console dump,,WEST,,Public Bag_Base class from supplied live Arma debug-console dump.
backpack,vn_b_pack_p08_02,,,,Live Arma Bag_Base debug-console dump,,WEST,,Public Bag_Base class from supplied live Arma debug-console dump.
backpack,vn_b_pack_p08_03,,,,Live Arma Bag_Base debug-console dump,,WEST,,Public Bag_Base class from supplied live Arma debug-console dump.
backpack,vn_b_pack_p44_01,,,,Live Arma Bag_Base debug-console dump,,WEST,,Public Bag_Base class from supplied live Arma debug-console dump.
backpack,vn_b_pack_p44_02,,,,Live Arma Bag_Base debug-console dump,,WEST,,Public Bag_Base class from supplied live Arma debug-console dump.
backpack,vn_b_pack_p44_03,,,,Live Arma Bag_Base debug-console dump,,WEST,,Public Bag_Base class from supplied live Arma debug-console dump.
backpack,vn_b_pack_pfield_01,,,,Live Arma Bag_Base debug-console dump,,WEST,,Public Bag_Base class from supplied live Arma debug-console dump.
backpack,vn_b_pack_pfield_02,,,,Live Arma Bag_Base debug-console dump,,WEST,,Public Bag_Base class from supplied live Arma debug-console dump.
backpack,vn_b_pack_prc77_01,,,,Live Arma Bag_Base debug-console dump,,WEST,,Public Bag_Base class from supplied live Arma debug-console dump.
backpack,vn_b_pack_seal_01,,,,Live Arma Bag_Base debug-console dump,,WEST,,Public Bag_Base class from supplied live Arma debug-console dump.
backpack,vn_b_pack_t10_01,,,,Live Arma Bag_Base debug-console dump,,WEST,,Public Bag_Base class from supplied live Arma debug-console dump.
backpack,vn_b_pack_trp_01,,,,Live Arma Bag_Base debug-console dump,,WEST,,Public Bag_Base class from supplied live Arma debug-console dump.
backpack,vn_b_pack_trp_01_02,,,,Live Arma Bag_Base debug-console dump,,WEST,,Public Bag_Base class from supplied live Arma debug-console dump.
backpack,vn_b_pack_trp_02,,,,Live Arma Bag_Base debug-console dump,,WEST,,Public Bag_Base class from supplied live Arma debug-console dump.
backpack,vn_b_pack_trp_02_02,,,,Live Arma Bag_Base debug-console dump,,WEST,,Public Bag_Base class from supplied live Arma debug-console dump.
backpack,vn_b_pack_trp_03,,,,Live Arma Bag_Base debug-console dump,,WEST,,Public Bag_Base class from supplied live Arma debug-console dump.
backpack,vn_b_pack_trp_03_02,,,,Live Arma Bag_Base debug-console dump,,WEST,,Public Bag_Base class from supplied live Arma debug-console dump.
backpack,vn_b_pack_trp_04,,,,Live Arma Bag_Base debug-console dump,,WEST,,Public Bag_Base class from supplied live Arma debug-console dump.
backpack,vn_b_pack_trp_04_02,,,,Live Arma Bag_Base debug-console dump,,WEST,,Public Bag_Base class from supplied live Arma debug-console dump.
backpack,vn_o_pack_01,,,,Live Arma Bag_Base debug-console dump,,EAST,,Public Bag_Base class from supplied live Arma debug-console dump.
backpack,vn_o_pack_02,,,,Live Arma Bag_Base debug-console dump,,EAST,,Public Bag_Base class from supplied live Arma debug-console dump.
backpack,vn_o_pack_03,,,,Live Arma Bag_Base debug-console dump,,EAST,,Public Bag_Base class from supplied live Arma debug-console dump.
backpack,vn_o_pack_04,,,,Live Arma Bag_Base debug-console dump,,EAST,,Public Bag_Base class from supplied live Arma debug-console dump.
backpack,vn_o_pack_05,,,,Live Arma Bag_Base debug-console dump,,EAST,,Public Bag_Base class from supplied live Arma debug-console dump.
backpack,vn_o_pack_06,,,,Live Arma Bag_Base debug-console dump,,EAST,,Public Bag_Base class from supplied live Arma debug-console dump.
backpack,vn_o_pack_07,,,,Live Arma Bag_Base debug-console dump,,EAST,,Public Bag_Base class from supplied live Arma debug-console dump.
backpack,vn_o_pack_08,,,,Live Arma Bag_Base debug-console dump,,EAST,,Public Bag_Base class from supplied live Arma debug-console dump.
backpack,vn_o_pack_t884_01,,,,Live Arma Bag_Base debug-console dump,,EAST,,Public Bag_Base class from supplied live Arma debug-console dump.
headgear,vn_b_bandana_01,Bandana (Green),No Armor,1.0,CfgWeapons_Equipment,https://wiki.sogpf.com/index.php?title=CfgWeapons_Equipment&action=raw,WEST;EAST;INDEPENDENT,vn_b_men_army_09;vn_b_men_army_10;vn_b_men_army_12;vn_b_men_army_16;vn_b_men_army_17;vn_b_men_army_18;vn_b_men_army_20;vn_b_men_cidg_16;vn_b_men_cidg_17;vn_b_men_cidg_20;vn_b_men_navy_09;vn_b_men_seal_46;vn_b_men_sf_16;vn_b_men_sf_17;vn_b_men_sf_20;vn_b_men_sog_07;vn_b_men_sog_18;vn_b_men_sog_25;vn_b_men_sog_26;vn_b_men_sog_28;vn_i_men_ranger_10;vn_o_men_nva_dc_08,Remaining selectable official CfgWeapons equipment record.
headgear,vn_b_bandana_02,Bandana (Tiger),No Armor,1.0,CfgWeapons_Equipment,https://wiki.sogpf.com/index.php?title=CfgWeapons_Equipment&action=raw,WEST;INDEPENDENT,vn_b_men_navy_06;vn_b_men_seal_11;vn_b_men_seal_40;vn_b_men_sf_10;vn_b_men_sf_12;vn_b_men_sf_18;vn_b_men_sog_12;vn_b_men_sog_17;vn_i_men_ranger_12;vn_i_men_ranger_18;vn_i_men_sf_12,Remaining selectable official CfgWeapons equipment record.
headgear,vn_b_bandana_03,Bandana (Black),No Armor,1.0,CfgWeapons_Equipment,https://wiki.sogpf.com/index.php?title=CfgWeapons_Equipment&action=raw,WEST;EAST;INDEPENDENT,vn_b_men_seal_03;vn_b_men_seal_47;vn_b_men_sog_06;vn_b_men_sog_20;vn_i_men_ranger_16;vn_i_men_ranger_20;vn_o_men_nva_dc_09,Remaining selectable official CfgWeapons equipment record.
headgear,vn_b_bandana_04,Bandana (Spray),No Armor,1.0,CfgWeapons_Equipment,https://wiki.sogpf.com/index.php?title=CfgWeapons_Equipment&action=raw,WEST;INDEPENDENT,vn_b_men_sog_10;vn_b_men_sog_13;vn_b_men_sog_16;vn_i_men_army_17;vn_i_men_marine_17;vn_i_men_ranger_17;vn_i_men_rla_17,Remaining selectable official CfgWeapons equipment record.
headgear,vn_b_bandana_05,Bandana (Tiger green),No Armor,1.0,CfgWeapons_Equipment,https://wiki.sogpf.com/index.php?title=CfgWeapons_Equipment&action=raw,INDEPENDENT,vn_i_men_sf_10,Remaining selectable official CfgWeapons equipment record.
headgear,vn_b_bandana_06,Bandana (ERDL brown),No Armor,1.0,CfgWeapons_Equipment,https://wiki.sogpf.com/index.php?title=CfgWeapons_Equipment&action=raw,WEST,vn_b_men_seal_09;vn_b_men_seal_25,Remaining selectable official CfgWeapons equipment record.
headgear,vn_b_bandana_07,Bandana (Leopard),No Armor,1.0,CfgWeapons_Equipment,https://wiki.sogpf.com/index.php?title=CfgWeapons_Equipment&action=raw,WEST,vn_b_men_cidg_10;vn_b_men_cidg_12;vn_b_men_cidg_18,Remaining selectable official CfgWeapons equipment record.
headgear,vn_b_bandana_08,Bandana (ERDL),No Armor,1.2,CfgWeapons_Equipment,https://wiki.sogpf.com/index.php?title=CfgWeapons_Equipment&action=raw,WEST,vn_b_men_aus_sas_66_02;vn_b_men_aus_sas_66_09;vn_b_men_aus_sas_70_02;vn_b_men_aus_sas_70_09;vn_b_men_nz_sas_66_02;vn_b_men_nz_sas_66_09;vn_b_men_nz_sas_70_02;vn_b_men_nz_sas_70_09,Remaining selectable official CfgWeapons equipment record.
headgear,vn_b_beret_01_01,Beret (Dark Green),No Armor,1.0,CfgWeapons_Equipment,https://wiki.sogpf.com/index.php?title=CfgWeapons_Equipment&action=raw,WEST,vn_b_men_cidg_22;vn_b_men_sog_22;vn_b_men_sog_27,Remaining selectable official CfgWeapons equipment record.
headgear,vn_b_beret_01_02,Beret (Black),No Armor,1.0,CfgWeapons_Equipment,https://wiki.sogpf.com/index.php?title=CfgWeapons_Equipment&action=raw,WEST,vn_b_men_army_28,Remaining selectable official CfgWeapons equipment record.
headgear,vn_b_beret_01_03,Beret (Maroon),No Armor,1.0,CfgWeapons_Equipment,https://wiki.sogpf.com/index.php?title=CfgWeapons_Equipment&action=raw,,,Remaining selectable official CfgWeapons equipment record.
headgear,vn_b_beret_01_04,Beret (Khaki Green),No Armor,1.0,CfgWeapons_Equipment,https://wiki.sogpf.com/index.php?title=CfgWeapons_Equipment&action=raw,,,Remaining selectable official CfgWeapons equipment record.
headgear,vn_b_beret_01_05,Beret (ERDL brown),No Armor,1.0,CfgWeapons_Equipment,https://wiki.sogpf.com/index.php?title=CfgWeapons_Equipment&action=raw,WEST,vn_b_men_lrrp_09;vn_b_men_seal_01,Remaining selectable official CfgWeapons equipment record.
headgear,vn_b_beret_01_06,Beret (Tiger),No Armor,1.0,CfgWeapons_Equipment,https://wiki.sogpf.com/index.php?title=CfgWeapons_Equipment&action=raw,WEST,vn_b_men_lrrp_07;vn_b_men_seal_05;vn_b_men_sf_22,Remaining selectable official CfgWeapons equipment record.
headgear,vn_b_beret_01_07,Beret (RAC),No Armor,1.2,CfgWeapons_Equipment,https://wiki.sogpf.com/index.php?title=CfgWeapons_Equipment&action=raw,WEST,vn_b_men_aus_army_66_13;vn_b_men_aus_army_66_22;vn_b_men_aus_army_68_13;vn_b_men_aus_army_68_22;vn_b_men_aus_army_70_13;vn_b_men_aus_army_70_22,Remaining selectable official CfgWeapons equipment record.
headgear,vn_b_beret_01_08,Beret (ERDL),No Armor,1.2,CfgWeapons_Equipment,https://wiki.sogpf.com/index.php?title=CfgWeapons_Equipment&action=raw,,,Remaining selectable official CfgWeapons equipment record.
headgear,vn_b_beret_01_09,Beret 1 (MEDT),No Armor,1.3,CfgWeapons_Equipment,https://wiki.sogpf.com/index.php?title=CfgWeapons_Equipment&action=raw,WEST,vn_b_men_medt_03;vn_b_men_medt_04;vn_b_men_medt_05,Remaining selectable official CfgWeapons equipment record.
headgear,vn_b_beret_01_10,Beret 2 (MEDT),No Armor,1.3,CfgWeapons_Equipment,https://wiki.sogpf.com/index.php?title=CfgWeapons_Equipment&action=raw,WEST,vn_b_men_medt_02,Remaining selectable official CfgWeapons equipment record.
headgear,vn_b_beret_01_11,Beret 3 (MEDT),No Armor,1.3,CfgWeapons_Equipment,https://wiki.sogpf.com/index.php?title=CfgWeapons_Equipment&action=raw,WEST,vn_b_men_medt_01,Remaining selectable official CfgWeapons equipment record.
headgear,vn_b_beret_03_01,Beret (US TF-116),No Armor,1.2,CfgWeapons_Equipment,https://wiki.sogpf.com/index.php?title=CfgWeapons_Equipment&action=raw,WEST,vn_b_men_navy_01,Remaining selectable official CfgWeapons equipment record.
headgear,vn_b_beret_04_01,Beret (RAC Headset),No Armor,1.2,CfgWeapons_Equipment,https://wiki.sogpf.com/index.php?title=CfgWeapons_Equipment&action=raw,WEST,vn_b_men_aus_army_66_14;vn_b_men_aus_army_66_23;vn_b_men_aus_army_66_25;vn_b_men_aus_army_68_14;vn_b_men_aus_army_70_14;vn_b_men_aus_army_70_23;vn_b_men_aus_army_70_25,Remaining selectable official CfgWeapons equipment record.
headgear,vn_b_boonie_01_01,Boonie F/sides (Green),No Armor,1.0,CfgWeapons_Equipment,https://wiki.sogpf.com/index.php?title=CfgWeapons_Equipment&action=raw,WEST;INDEPENDENT,vn_b_men_seal_50;vn_b_men_usmc_recon_70_07;vn_i_men_fank_70_23;vn_i_men_fank_71_23,Remaining selectable official CfgWeapons equipment record.
headgear,vn_b_boonie_01_02,Boonie F/sides (Tiger),No Armor,1.0,CfgWeapons_Equipment,https://wiki.sogpf.com/index.php?title=CfgWeapons_Equipment&action=raw,WEST,vn_b_men_seal_19;vn_b_men_seal_39;vn_b_men_seal_45;vn_b_men_sf_03;vn_b_men_sf_09;vn_b_men_sf_15,Remaining selectable official CfgWeapons equipment record.
headgear,vn_b_boonie_01_03,Boonie F/sides (Black),No Armor,1.0,CfgWeapons_Equipment,https://wiki.sogpf.com/index.php?title=CfgWeapons_Equipment&action=raw,WEST,vn_b_men_seal_18,Remaining selectable official CfgWeapons equipment record.
headgear,vn_b_boonie_01_04,Boonie F/sides (Spray),No Armor,1.0,CfgWeapons_Equipment,https://wiki.sogpf.com/index.php?title=CfgWeapons_Equipment&action=raw,,,Remaining selectable official CfgWeapons equipment record.
headgear,vn_b_boonie_01_05,Boonie F/sides (Tiger green),No Armor,1.0,CfgWeapons_Equipment,https://wiki.sogpf.com/index.php?title=CfgWeapons_Equipment&action=raw,INDEPENDENT,vn_i_men_sf_05;vn_i_men_sf_07,Remaining selectable official CfgWeapons equipment record.
headgear,vn_b_boonie_01_06,Boonie F/sides (ERDL brown),No Armor,1.0,CfgWeapons_Equipment,https://wiki.sogpf.com/index.php?title=CfgWeapons_Equipment&action=raw,WEST,vn_b_men_lrrp_05;vn_b_men_seal_04;vn_b_men_seal_24,Remaining selectable official CfgWeapons equipment record.
headgear,vn_b_boonie_01_07,Boonie F/sides (Leopard),No Armor,1.0,CfgWeapons_Equipment,https://wiki.sogpf.com/index.php?title=CfgWeapons_Equipment&action=raw,WEST,vn_b_men_cidg_06;vn_b_men_cidg_15,Remaining selectable official CfgWeapons equipment record.
headgear,vn_b_boonie_01_08,Boonie F/sides (ERDL),No Armor,1.2,CfgWeapons_Equipment,https://wiki.sogpf.com/index.php?title=CfgWeapons_Equipment&action=raw,,,Remaining selectable official CfgWeapons equipment record.
headgear,vn_b_boonie_01_09,Boonie F/sides (Grey),No Armor,1.3,CfgWeapons_Equipment,https://wiki.sogpf.com/index.php?title=CfgWeapons_Equipment&action=raw,,,Remaining selectable official CfgWeapons equipment record.
headgear,vn_b_boonie_02_01,Boonie (Green),No Armor,1.0,CfgWeapons_Equipment,https://wiki.sogpf.com/index.php?title=CfgWeapons_Equipment&action=raw,WEST;INDEPENDENT,vn_b_men_seal_08;vn_b_men_seal_48;vn_b_men_sog_04;vn_b_men_sog_19;vn_b_men_sog_21;vn_b_men_usmc_recon_66_01;vn_b_men_usmc_recon_66_08;vn_b_men_usmc_recon_68_01;vn_b_men_usmc_recon_68_08;vn_b_men_usmc_recon_70_01;vn_i_men_fank_70_05;vn_i_men_fank_71_05,Remaining selectable official CfgWeapons equipment record.
headgear,vn_b_boonie_02_02,Boonie (Tiger),No Armor,1.0,CfgWeapons_Equipment,https://wiki.sogpf.com/index.php?title=CfgWeapons_Equipment&action=raw,WEST,vn_b_men_seal_02;vn_b_men_seal_37;vn_b_men_seal_49;vn_b_men_sf_07;vn_b_men_sf_19;vn_b_men_sf_21;vn_b_men_sog_05;vn_b_men_sog_24,Remaining selectable official CfgWeapons equipment record.
headgear,vn_b_boonie_02_03,Boonie (Black),No Armor,1.0,CfgWeapons_Equipment,https://wiki.sogpf.com/index.php?title=CfgWeapons_Equipment&action=raw,WEST,vn_b_men_sog_03,Remaining selectable official CfgWeapons equipment record.
headgear,vn_b_boonie_02_04,Boonie (Spray),No Armor,1.0,CfgWeapons_Equipment,https://wiki.sogpf.com/index.php?title=CfgWeapons_Equipment&action=raw,WEST,vn_b_men_sog_02;vn_b_men_sog_11;vn_b_men_sog_14;vn_b_men_sog_29,Remaining selectable official CfgWeapons equipment record.
headgear,vn_b_boonie_02_05,Boonie (Tiger green),No Armor,1.0,CfgWeapons_Equipment,https://wiki.sogpf.com/index.php?title=CfgWeapons_Equipment&action=raw,INDEPENDENT,vn_i_men_sf_02;vn_i_men_sf_04;vn_i_men_sf_11,Remaining selectable official CfgWeapons equipment record.
headgear,vn_b_boonie_02_06,Boonie (ERDL brown),No Armor,1.0,CfgWeapons_Equipment,https://wiki.sogpf.com/index.php?title=CfgWeapons_Equipment&action=raw,WEST,vn_b_men_lrrp_06;vn_b_men_lrrp_08;vn_b_men_seal_20,Remaining selectable official CfgWeapons equipment record.
headgear,vn_b_boonie_02_07,Boonie (Leopard),No Armor,1.0,CfgWeapons_Equipment,https://wiki.sogpf.com/index.php?title=CfgWeapons_Equipment&action=raw,WEST,vn_b_men_cidg_05;vn_b_men_cidg_07;vn_b_men_cidg_19;vn_b_men_cidg_21,Remaining selectable official CfgWeapons equipment record.
headgear,vn_b_boonie_02_08,Boonie (ERDL),No Armor,1.2,CfgWeapons_Equipment,https://wiki.sogpf.com/index.php?title=CfgWeapons_Equipment&action=raw,WEST,vn_b_men_aus_sas_66_03;vn_b_men_aus_sas_66_10;vn_b_men_aus_sas_66_12;vn_b_men_aus_sas_66_14;vn_b_men_aus_sas_70_03;vn_b_men_aus_sas_70_10;vn_b_men_aus_sas_70_12;vn_b_men_aus_sas_70_14;vn_b_men_nz_sas_66_03;vn_b_men_nz_sas_66_10;vn_b_men_nz_sas_66_12;vn_b_men_nz_sas_66_14;vn_b_men_nz_sas_70_03;vn_b_men_nz_sas_70_10;vn_b_men_nz_sas_70_12;vn_b_men_nz_sas_70_14;vn_b_men_usmc_recon_70_06,Remaining selectable official CfgWeapons equipment record.
headgear,vn_b_boonie_02_09,Boonie (Grey),No Armor,1.3,CfgWeapons_Equipment,https://wiki.sogpf.com/index.php?title=CfgWeapons_Equipment&action=raw,,,Remaining selectable official CfgWeapons equipment record.
headgear,vn_b_boonie_03_01,Boonie F/front (Green),No Armor,1.0,CfgWeapons_Equipment,https://wiki.sogpf.com/index.php?title=CfgWeapons_Equipment&action=raw,WEST;INDEPENDENT,vn_b_men_medt_06;vn_b_men_seal_13;vn_i_men_fank_70_12;vn_i_men_fank_71_12,Remaining selectable official CfgWeapons equipment record.
headgear,vn_b_boonie_03_02,Boonie F/front (Tiger),No Armor,1.0,CfgWeapons_Equipment,https://wiki.sogpf.com/index.php?title=CfgWeapons_Equipment&action=raw,WEST,vn_b_men_seal_41;vn_b_men_sf_04;vn_b_men_sf_11;vn_b_men_usmc_recon_66_03;vn_b_men_usmc_recon_68_03,Remaining selectable official CfgWeapons equipment record.
headgear,vn_b_boonie_03_03,Boonie F/front (Black),No Armor,1.0,CfgWeapons_Equipment,https://wiki.sogpf.com/index.php?title=CfgWeapons_Equipment&action=raw,WEST,vn_b_men_seal_17,Remaining selectable official CfgWeapons equipment record.
headgear,vn_b_boonie_03_04,Boonie F/front (Spray),No Armor,1.0,CfgWeapons_Equipment,https://wiki.sogpf.com/index.php?title=CfgWeapons_Equipment&action=raw,,,Remaining selectable official CfgWeapons equipment record.
headgear,vn_b_boonie_03_05,Boonie F/front (Tiger green),No Armor,1.0,CfgWeapons_Equipment,https://wiki.sogpf.com/index.php?title=CfgWeapons_Equipment&action=raw,INDEPENDENT,vn_i_men_sf_01;vn_i_men_sf_03,Remaining selectable official CfgWeapons equipment record.
headgear,vn_b_boonie_03_06,Boonie F/front (ERDL brown),No Armor,1.0,CfgWeapons_Equipment,https://wiki.sogpf.com/index.php?title=CfgWeapons_Equipment&action=raw,WEST,vn_b_men_lrrp_03;vn_b_men_seal_16;vn_b_men_seal_51,Remaining selectable official CfgWeapons equipment record.
headgear,vn_b_boonie_03_07,Boonie F/front (Leopard),No Armor,1.0,CfgWeapons_Equipment,https://wiki.sogpf.com/index.php?title=CfgWeapons_Equipment&action=raw,WEST,vn_b_men_cidg_01;vn_b_men_cidg_08;vn_b_men_cidg_09,Remaining selectable official CfgWeapons equipment record.
headgear,vn_b_boonie_03_08,Boonie F/front (ERDL),No Armor,1.2,CfgWeapons_Equipment,https://wiki.sogpf.com/index.php?title=CfgWeapons_Equipment&action=raw,WEST,vn_b_men_usmc_recon_70_03;vn_b_men_usmc_recon_70_09,Remaining selectable official CfgWeapons equipment record.
headgear,vn_b_boonie_03_09,Boonie F/front (Grey),No Armor,1.3,CfgWeapons_Equipment,https://wiki.sogpf.com/index.php?title=CfgWeapons_Equipment&action=raw,,,Remaining selectable official CfgWeapons equipment record.
headgear,vn_b_boonie_04_01,Boonie F/left (Green),No Armor,1.0,CfgWeapons_Equipment,https://wiki.sogpf.com/index.php?title=CfgWeapons_Equipment&action=raw,WEST;INDEPENDENT,vn_b_men_usmc_recon_66_02;vn_b_men_usmc_recon_68_02;vn_b_men_usmc_recon_70_04;vn_i_men_fank_70_16;vn_i_men_fank_71_16,Remaining selectable official CfgWeapons equipment record.
headgear,vn_b_boonie_04_02,Boonie F/left (Tiger),No Armor,1.0,CfgWeapons_Equipment,https://wiki.sogpf.com/index.php?title=CfgWeapons_Equipment&action=raw,WEST,vn_b_men_seal_14;vn_b_men_seal_43;vn_b_men_sf_01;vn_b_men_sf_05;vn_b_men_sf_13,Remaining selectable official CfgWeapons equipment record.
headgear,vn_b_boonie_04_03,Boonie F/left (Black),No Armor,1.0,CfgWeapons_Equipment,https://wiki.sogpf.com/index.php?title=CfgWeapons_Equipment&action=raw,WEST,vn_b_men_seal_10,Remaining selectable official CfgWeapons equipment record.
headgear,vn_b_boonie_04_04,Boonie F/left (Spray),No Armor,1.0,CfgWeapons_Equipment,https://wiki.sogpf.com/index.php?title=CfgWeapons_Equipment&action=raw,,,Remaining selectable official CfgWeapons equipment record.
headgear,vn_b_boonie_04_05,Boonie F/left (Tiger green),No Armor,1.0,CfgWeapons_Equipment,https://wiki.sogpf.com/index.php?title=CfgWeapons_Equipment&action=raw,INDEPENDENT,vn_i_men_sf_08,Remaining selectable official CfgWeapons equipment record.
headgear,vn_b_boonie_04_06,Boonie F/left (ERDL brown),No Armor,1.0,CfgWeapons_Equipment,https://wiki.sogpf.com/index.php?title=CfgWeapons_Equipment&action=raw,WEST,vn_b_men_lrrp_02;vn_b_men_seal_21;vn_b_men_seal_27,Remaining selectable official CfgWeapons equipment record.
headgear,vn_b_boonie_04_07,Boonie F/left (Leopard),No Armor,1.0,CfgWeapons_Equipment,https://wiki.sogpf.com/index.php?title=CfgWeapons_Equipment&action=raw,WEST,vn_b_men_cidg_02;vn_b_men_cidg_11,Remaining selectable official CfgWeapons equipment record.
headgear,vn_b_boonie_04_08,Boonie F/left (ERDL),No Armor,1.2,CfgWeapons_Equipment,https://wiki.sogpf.com/index.php?title=CfgWeapons_Equipment&action=raw,WEST,vn_b_men_usmc_recon_70_02,Remaining selectable official CfgWeapons equipment record.
headgear,vn_b_boonie_04_09,Boonie F/left (Grey),No Armor,1.3,CfgWeapons_Equipment,https://wiki.sogpf.com/index.php?title=CfgWeapons_Equipment&action=raw,,,Remaining selectable official CfgWeapons equipment record.
headgear,vn_b_boonie_05_01,Boonie F/right (Green),No Armor,1.0,CfgWeapons_Equipment,https://wiki.sogpf.com/index.php?title=CfgWeapons_Equipment&action=raw,WEST;INDEPENDENT,vn_b_men_usmc_recon_66_09;vn_b_men_usmc_recon_68_09;vn_i_men_fank_70_17;vn_i_men_fank_71_17,Remaining selectable official CfgWeapons equipment record.
headgear,vn_b_boonie_05_02,Boonie F/right (Tiger),No Armor,1.0,CfgWeapons_Equipment,https://wiki.sogpf.com/index.php?title=CfgWeapons_Equipment&action=raw,WEST,vn_b_men_seal_38;vn_b_men_seal_44;vn_b_men_sf_02;vn_b_men_sf_06;vn_b_men_sf_08;vn_b_men_sf_14,Remaining selectable official CfgWeapons equipment record.
headgear,vn_b_boonie_05_03,Boonie F/right (Black),No Armor,1.0,CfgWeapons_Equipment,https://wiki.sogpf.com/index.php?title=CfgWeapons_Equipment&action=raw,WEST,vn_b_men_seal_15;vn_b_men_seal_26,Remaining selectable official CfgWeapons equipment record.
headgear,vn_b_boonie_05_04,Boonie F/right (Spray),No Armor,1.0,CfgWeapons_Equipment,https://wiki.sogpf.com/index.php?title=CfgWeapons_Equipment&action=raw,,,Remaining selectable official CfgWeapons equipment record.
headgear,vn_b_boonie_05_05,Boonie F/right (Tiger green),No Armor,1.0,CfgWeapons_Equipment,https://wiki.sogpf.com/index.php?title=CfgWeapons_Equipment&action=raw,INDEPENDENT,vn_i_men_sf_06;vn_i_men_sf_09,Remaining selectable official CfgWeapons equipment record.
headgear,vn_b_boonie_05_06,Boonie F/right (ERDL brown),No Armor,1.0,CfgWeapons_Equipment,https://wiki.sogpf.com/index.php?title=CfgWeapons_Equipment&action=raw,,,Remaining selectable official CfgWeapons equipment record.
headgear,vn_b_boonie_05_07,Boonie F/right (Leopard),No Armor,1.0,CfgWeapons_Equipment,https://wiki.sogpf.com/index.php?title=CfgWeapons_Equipment&action=raw,WEST,vn_b_men_cidg_03;vn_b_men_cidg_04;vn_b_men_cidg_13;vn_b_men_cidg_14,Remaining selectable official CfgWeapons equipment record.
headgear,vn_b_boonie_05_08,Boonie F/right (ERDL),No Armor,1.2,CfgWeapons_Equipment,https://wiki.sogpf.com/index.php?title=CfgWeapons_Equipment&action=raw,WEST,vn_b_men_usmc_recon_70_08,Remaining selectable official CfgWeapons equipment record.
headgear,vn_b_boonie_05_09,Boonie F/right (Grey),No Armor,1.3,CfgWeapons_Equipment,https://wiki.sogpf.com/index.php?title=CfgWeapons_Equipment&action=raw,,,Remaining selectable official CfgWeapons equipment record.
headgear,vn_b_boonie_06_01,Boonie (ANZAC),No Armor,1.2,CfgWeapons_Equipment,https://wiki.sogpf.com/index.php?title=CfgWeapons_Equipment&action=raw,WEST,vn_b_men_aus_army_66_08;vn_b_men_aus_army_66_09;vn_b_men_aus_army_66_26;vn_b_men_aus_army_68_08;vn_b_men_aus_army_68_09;vn_b_men_aus_army_70_26;vn_b_men_aus_sas_66_05;vn_b_men_aus_sas_70_05;vn_b_men_nz_army_66_08;vn_b_men_nz_army_66_09;vn_b_men_nz_army_68_08;vn_b_men_nz_army_68_09;vn_b_men_nz_army_70_08;vn_b_men_nz_army_70_09;vn_b_men_nz_sas_66_05;vn_b_men_nz_sas_70_05,Remaining selectable official CfgWeapons equipment record.
headgear,vn_b_boonie_06_02,Boonie (ANZAC Stripe),No Armor,1.2,CfgWeapons_Equipment,https://wiki.sogpf.com/index.php?title=CfgWeapons_Equipment&action=raw,WEST,vn_b_men_aus_army_70_08;vn_b_men_aus_army_70_09,Remaining selectable official CfgWeapons equipment record.
headgear,vn_b_boonie_07_01,Boonie (ANZAC Oval),No Armor,1.2,CfgWeapons_Equipment,https://wiki.sogpf.com/index.php?title=CfgWeapons_Equipment&action=raw,WEST,vn_b_men_aus_army_66_01;vn_b_men_aus_army_66_05;vn_b_men_aus_army_66_06;vn_b_men_aus_army_66_10;vn_b_men_aus_army_66_12;vn_b_men_aus_army_66_17;vn_b_men_aus_army_66_18;vn_b_men_aus_army_66_20;vn_b_men_aus_army_66_21;vn_b_men_aus_army_66_27;vn_b_men_aus_army_68_01;vn_b_men_aus_army_68_05;vn_b_men_aus_army_68_06;vn_b_men_aus_army_68_10;vn_b_men_aus_army_68_12;vn_b_men_aus_army_68_17;vn_b_men_aus_army_68_18;vn_b_men_aus_army_68_20;vn_b_men_aus_army_68_21;vn_b_men_aus_army_70_27;vn_b_men_nz_army_66_01;vn_b_men_nz_army_66_05;vn_b_men_nz_army_66_06;vn_b_men_nz_army_66_10;vn_b_men_nz_army_66_12;vn_b_men_nz_army_66_15;vn_b_men_nz_army_66_16;vn_b_men_nz_army_66_18;vn_b_men_nz_army_66_19;vn_b_men_nz_army_66_20;vn_b_men_nz_army_66_21;vn_b_men_nz_army_66_22;vn_b_men_nz_army_68_01;vn_b_men_nz_army_68_05;vn_b_men_nz_army_68_06;vn_b_men_nz_army_68_10;vn_b_men_nz_army_68_12;vn_b_men_nz_army_68_15;vn_b_men_nz_army_68_16;vn_b_men_nz_army_68_18;vn_b_men_nz_army_68_19;vn_b_men_nz_army_68_20;vn_b_men_nz_army_70_01;vn_b_men_nz_army_70_05;vn_b_men_nz_army_70_06;vn_b_men_nz_army_70_10;vn_b_men_nz_army_70_12;vn_b_men_nz_army_70_15;vn_b_men_nz_army_70_16;vn_b_men_nz_army_70_18;vn_b_men_nz_army_70_19;vn_b_men_nz_army_70_20,Remaining selectable official CfgWeapons equipment record.
headgear,vn_b_boonie_07_02,Boonie (ANZAC Oval Stripe),No Armor,1.2,CfgWeapons_Equipment,https://wiki.sogpf.com/index.php?title=CfgWeapons_Equipment&action=raw,WEST,vn_b_men_aus_army_70_01;vn_b_men_aus_army_70_05;vn_b_men_aus_army_70_06;vn_b_men_aus_army_70_10;vn_b_men_aus_army_70_12;vn_b_men_aus_army_70_17;vn_b_men_aus_army_70_18;vn_b_men_aus_army_70_20;vn_b_men_aus_army_70_21,Remaining selectable official CfgWeapons equipment record.
headgear,vn_b_boonie_08_01,Boonie (ANZAC Folded),No Armor,1.2,CfgWeapons_Equipment,https://wiki.sogpf.com/index.php?title=CfgWeapons_Equipment&action=raw,WEST,vn_b_men_aus_army_66_02;vn_b_men_aus_army_66_03;vn_b_men_aus_army_66_04;vn_b_men_aus_army_66_07;vn_b_men_aus_army_66_15;vn_b_men_aus_army_66_16;vn_b_men_aus_army_66_19;vn_b_men_aus_army_68_02;vn_b_men_aus_army_68_03;vn_b_men_aus_army_68_04;vn_b_men_aus_army_68_07;vn_b_men_aus_army_68_15;vn_b_men_aus_army_68_16;vn_b_men_aus_army_68_19;vn_b_men_aus_sas_66_06;vn_b_men_aus_sas_66_13;vn_b_men_aus_sas_70_06;vn_b_men_aus_sas_70_13;vn_b_men_nz_army_66_02;vn_b_men_nz_army_66_03;vn_b_men_nz_army_66_04;vn_b_men_nz_army_66_07;vn_b_men_nz_army_66_13;vn_b_men_nz_army_66_14;vn_b_men_nz_army_66_17;vn_b_men_nz_army_68_02;vn_b_men_nz_army_68_03;vn_b_men_nz_army_68_04;vn_b_men_nz_army_68_07;vn_b_men_nz_army_68_13;vn_b_men_nz_army_68_14;vn_b_men_nz_army_68_17;vn_b_men_nz_army_70_02;vn_b_men_nz_army_70_03;vn_b_men_nz_army_70_04;vn_b_men_nz_army_70_07;vn_b_men_nz_army_70_13;vn_b_men_nz_army_70_14;vn_b_men_nz_army_70_17;vn_b_men_nz_sas_66_06;vn_b_men_nz_sas_66_13;vn_b_men_nz_sas_70_06;vn_b_men_nz_sas_70_13,Remaining selectable official CfgWeapons equipment record.
headgear,vn_b_boonie_08_02,Boonie (ANZAC Folded Stripe),No Armor,1.2,CfgWeapons_Equipment,https://wiki.sogpf.com/index.php?title=CfgWeapons_Equipment&action=raw,WEST,vn_b_men_aus_army_70_02;vn_b_men_aus_army_70_03;vn_b_men_aus_army_70_04;vn_b_men_aus_army_70_07;vn_b_men_aus_army_70_15;vn_b_men_aus_army_70_16;vn_b_men_aus_army_70_19,Remaining selectable official CfgWeapons equipment record.
headgear,vn_b_boonie_09_01,Boonie (Rebel/ Green),No Armor,1.3,CfgWeapons_Equipment,https://wiki.sogpf.com/index.php?title=CfgWeapons_Equipment&action=raw,,,Remaining selectable official CfgWeapons equipment record.
headgear,vn_b_boonie_09_02,Boonie (Rebel/ Tiger),No Armor,1.3,CfgWeapons_Equipment,https://wiki.sogpf.com/index.php?title=CfgWeapons_Equipment&action=raw,,,Remaining selectable official CfgWeapons equipment record.
headgear,vn_b_boonie_09_03,Boonie (Rebel/ Black),No Armor,1.3,CfgWeapons_Equipment,https://wiki.sogpf.com/index.php?title=CfgWeapons_Equipment&action=raw,,,Remaining selectable official CfgWeapons equipment record.
headgear,vn_b_boonie_09_04,Boonie (Rebel/ Spray),No Armor,1.3,CfgWeapons_Equipment,https://wiki.sogpf.com/index.php?title=CfgWeapons_Equipment&action=raw,,,Remaining selectable official CfgWeapons equipment record.
headgear,vn_b_boonie_09_05,Boonie (Rebel/ Tiger green),No Armor,1.3,CfgWeapons_Equipment,https://wiki.sogpf.com/index.php?title=CfgWeapons_Equipment&action=raw,,,Remaining selectable official CfgWeapons equipment record.
headgear,vn_b_boonie_09_06,Boonie (Rebel/ ERDL brown),No Armor,1.3,CfgWeapons_Equipment,https://wiki.sogpf.com/index.php?title=CfgWeapons_Equipment&action=raw,,,Remaining selectable official CfgWeapons equipment record.
headgear,vn_b_boonie_09_07,Boonie (Rebel/ Duckhunter),No Armor,1.3,CfgWeapons_Equipment,https://wiki.sogpf.com/index.php?title=CfgWeapons_Equipment&action=raw,,,Remaining selectable official CfgWeapons equipment record.
headgear,vn_b_boonie_09_08,Boonie (Rebel/ ERDL),No Armor,1.3,CfgWeapons_Equipment,https://wiki.sogpf.com/index.php?title=CfgWeapons_Equipment&action=raw,,,Remaining selectable official CfgWeapons equipment record.
headgear,vn_b_boonie_09_09,Boonie (Rebel/ Grey),No Armor,1.3,CfgWeapons_Equipment,https://wiki.sogpf.com/index.php?title=CfgWeapons_Equipment&action=raw,,,Remaining selectable official CfgWeapons equipment record.
headgear,vn_b_headband_01,Headband (Green),No Armor,1.0,CfgWeapons_Equipment,https://wiki.sogpf.com/index.php?title=CfgWeapons_Equipment&action=raw,WEST,vn_b_men_army_11;vn_b_men_aus_army_66_11;vn_b_men_aus_army_68_11;vn_b_men_aus_army_70_11;vn_b_men_aus_sas_66_01;vn_b_men_aus_sas_66_04;vn_b_men_aus_sas_66_11;vn_b_men_aus_sas_70_01;vn_b_men_aus_sas_70_04;vn_b_men_aus_sas_70_11;vn_b_men_lrrp_04;vn_b_men_nz_army_66_11;vn_b_men_nz_army_68_11;vn_b_men_nz_army_70_11;vn_b_men_nz_sas_66_01;vn_b_men_nz_sas_66_04;vn_b_men_nz_sas_66_11;vn_b_men_nz_sas_70_01;vn_b_men_nz_sas_70_04;vn_b_men_nz_sas_70_11;vn_b_men_seal_06;vn_b_men_sog_08;vn_b_men_sog_23;vn_b_men_usmc_recon_66_04;vn_b_men_usmc_recon_66_05;vn_b_men_usmc_recon_66_06;vn_b_men_usmc_recon_66_07;vn_b_men_usmc_recon_68_04;vn_b_men_usmc_recon_68_05;vn_b_men_usmc_recon_68_06;vn_b_men_usmc_recon_68_07;vn_b_men_usmc_recon_70_05,Remaining selectable official CfgWeapons equipment record.
headgear,vn_b_headband_02,Headband (Tiger),No Armor,1.0,CfgWeapons_Equipment,https://wiki.sogpf.com/index.php?title=CfgWeapons_Equipment&action=raw,WEST,vn_b_men_seal_07,Remaining selectable official CfgWeapons equipment record.
headgear,vn_b_headband_03,Headband (Black),No Armor,1.0,CfgWeapons_Equipment,https://wiki.sogpf.com/index.php?title=CfgWeapons_Equipment&action=raw,WEST,vn_b_men_aircrew_39;vn_b_men_seal_12,Remaining selectable official CfgWeapons equipment record.
headgear,vn_b_headband_04,Headband (Spray),No Armor,1.0,CfgWeapons_Equipment,https://wiki.sogpf.com/index.php?title=CfgWeapons_Equipment&action=raw,,,Remaining selectable official CfgWeapons equipment record.
headgear,vn_b_headband_05,Headband (ERDL brown),No Armor,1.0,CfgWeapons_Equipment,https://wiki.sogpf.com/index.php?title=CfgWeapons_Equipment&action=raw,WEST,vn_b_men_lrrp_01;vn_b_men_seal_22,Remaining selectable official CfgWeapons equipment record.
headgear,vn_b_headband_08,Headband (ERDL),No Armor,1.2,CfgWeapons_Equipment,https://wiki.sogpf.com/index.php?title=CfgWeapons_Equipment&action=raw,,,Remaining selectable official CfgWeapons equipment record.
headgear,vn_b_helmet_aph6_01_01,Helmet APH6 (White),No Armor,1.0,CfgWeapons_Equipment,https://wiki.sogpf.com/index.php?title=CfgWeapons_Equipment&action=raw,WEST;INDEPENDENT,vn_b_men_aircrew_43;vn_b_men_jetpilot_09;vn_i_men_aircrew_05;vn_i_men_aircrew_07;vn_i_men_jetpilot_02,Remaining selectable official CfgWeapons equipment record.
headgear,vn_b_helmet_aph6_01_02,Helmet APH6 (USAF Wolfpack),No Armor,1.0,CfgWeapons_Equipment,https://wiki.sogpf.com/index.php?title=CfgWeapons_Equipment&action=raw,WEST,vn_b_men_aircrew_41;vn_b_men_aircrew_49;vn_b_men_jetpilot_02,Remaining selectable official CfgWeapons equipment record.
headgear,vn_b_helmet_aph6_01_03,Helmet APH6 (USN Sundowners),No Armor,1.0,CfgWeapons_Equipment,https://wiki.sogpf.com/index.php?title=CfgWeapons_Equipment&action=raw,WEST,vn_b_men_jetpilot_03,Remaining selectable official CfgWeapons equipment record.
headgear,vn_b_helmet_aph6_01_04,Helmet APH6 (USN VA196),No Armor,1.0,CfgWeapons_Equipment,https://wiki.sogpf.com/index.php?title=CfgWeapons_Equipment&action=raw,WEST,vn_b_men_jetpilot_06,Remaining selectable official CfgWeapons equipment record.
headgear,vn_b_helmet_aph6_01_05,Helmet APH6 (USMC VM121),No Armor,1.0,CfgWeapons_Equipment,https://wiki.sogpf.com/index.php?title=CfgWeapons_Equipment&action=raw,WEST,vn_b_men_jetpilot_08;vn_b_men_jetpilot_12,Remaining selectable official CfgWeapons equipment record.
headgear,vn_b_helmet_aph6_02_01,Helmet APH6 (White/ Visor),No Armor,1.0,CfgWeapons_Equipment,https://wiki.sogpf.com/index.php?title=CfgWeapons_Equipment&action=raw,WEST;INDEPENDENT,vn_b_men_aircrew_44;vn_b_men_jetpilot_10;vn_i_men_aircrew_08;vn_i_men_jetpilot_01,Remaining selectable official CfgWeapons equipment record.
headgear,vn_b_helmet_aph6_02_02,Helmet APH6 (USAF Wolfpack/ Visor),No Armor,1.0,CfgWeapons_Equipment,https://wiki.sogpf.com/index.php?title=CfgWeapons_Equipment&action=raw,WEST,vn_b_men_jetpilot_01,Remaining selectable official CfgWeapons equipment record.
headgear,vn_b_helmet_aph6_02_03,Helmet APH6 (USN Sundowners/ Visor),No Armor,1.0,CfgWeapons_Equipment,https://wiki.sogpf.com/index.php?title=CfgWeapons_Equipment&action=raw,WEST,vn_b_men_jetpilot_04,Remaining selectable official CfgWeapons equipment record.
headgear,vn_b_helmet_aph6_02_04,Helmet APH6 (USN VA196/ Visor),No Armor,1.0,CfgWeapons_Equipment,https://wiki.sogpf.com/index.php?title=CfgWeapons_Equipment&action=raw,WEST;INDEPENDENT,vn_b_men_aircrew_42;vn_b_men_aircrew_50;vn_b_men_jetpilot_05;vn_i_men_aircrew_06,Remaining selectable official CfgWeapons equipment record.
headgear,vn_b_helmet_aph6_02_05,Helmet APH6 (USMC VM121/ Visor),No Armor,1.0,CfgWeapons_Equipment,https://wiki.sogpf.com/index.php?title=CfgWeapons_Equipment&action=raw,WEST,vn_b_men_jetpilot_07;vn_b_men_jetpilot_11,Remaining selectable official CfgWeapons equipment record.
headgear,vn_b_helmet_m1_01_01,Helmet M1 (Steel),No Armor,1.0,CfgWeapons_Equipment,https://wiki.sogpf.com/index.php?title=CfgWeapons_Equipment&action=raw,WEST;INDEPENDENT,vn_b_men_army_29;vn_b_men_army_30;vn_b_men_army_31;vn_b_men_navy_02;vn_b_men_navy_03;vn_b_men_navy_04;vn_b_men_navy_05;vn_b_men_navy_07;vn_b_men_navy_08;vn_i_men_army_02;vn_i_men_army_19;vn_i_men_fank_70_02;vn_i_men_fank_71_02;vn_i_men_marine_01;vn_i_men_marine_19;vn_i_men_rla_02;vn_i_men_rla_19,Remaining selectable official CfgWeapons equipment record.
headgear,vn_b_helmet_m1_01_02,Helmet M1 (716 MP),No Armor,1.0,CfgWeapons_Equipment,https://wiki.sogpf.com/index.php?title=CfgWeapons_Equipment&action=raw,WEST,vn_b_men_army_22,Remaining selectable official CfgWeapons equipment record.
headgear,vn_b_helmet_m1_02_01,Helmet M1 2 (Camo),No Armor,1.0,CfgWeapons_Equipment,https://wiki.sogpf.com/index.php?title=CfgWeapons_Equipment&action=raw,WEST;INDEPENDENT,vn_b_men_army_01;vn_b_men_rok_army_65_01;vn_b_men_rok_army_65_02;vn_b_men_rok_army_65_03;vn_b_men_rok_army_65_04;vn_b_men_rok_army_65_05;vn_b_men_rok_army_65_08;vn_b_men_rok_army_65_09;vn_b_men_rok_army_65_10;vn_b_men_rok_army_65_11;vn_b_men_rok_army_65_12;vn_b_men_rok_army_65_15;vn_b_men_rok_army_65_16;vn_b_men_rok_army_65_18;vn_b_men_rok_army_65_20;vn_b_men_rok_army_65_21;vn_b_men_rok_army_65_28;vn_b_men_rok_army_65_29;vn_b_men_rok_army_65_30;vn_b_men_rok_army_65_31;vn_b_men_rok_army_68_01;vn_b_men_rok_army_68_02;vn_b_men_rok_army_68_03;vn_b_men_rok_army_68_04;vn_b_men_rok_army_68_05;vn_b_men_rok_army_68_08;vn_b_men_rok_army_68_09;vn_b_men_rok_army_68_10;vn_b_men_rok_army_68_11;vn_b_men_rok_army_68_12;vn_b_men_rok_army_68_15;vn_b_men_rok_army_68_16;vn_b_men_rok_army_68_18;vn_b_men_rok_army_68_20;vn_b_men_rok_army_68_21;vn_b_men_rok_army_68_28;vn_b_men_rok_army_68_29;vn_b_men_rok_army_68_30;vn_b_men_rok_army_68_31;vn_b_men_usmc_66_01;vn_b_men_usmc_66_14;vn_b_men_usmc_66_22;vn_b_men_usmc_66_26;vn_b_men_usmc_66_27;vn_b_men_usmc_66_28;vn_b_men_usmc_68_01;vn_b_men_usmc_68_14;vn_b_men_usmc_68_22;vn_b_men_usmc_68_26;vn_b_men_usmc_68_27;vn_b_men_usmc_68_28;vn_b_men_usmc_70_01;vn_b_men_usmc_70_14;vn_b_men_usmc_70_22;vn_b_men_usmc_70_26;vn_b_men_usmc_70_27;vn_b_men_usmc_70_28;vn_i_men_army_05;vn_i_men_army_07;vn_i_men_army_09;vn_i_men_marine_02;vn_i_men_marine_05;vn_i_men_marine_15;vn_i_men_marine_21;vn_i_men_marine_23;vn_i_men_marine_24;vn_i_men_marine_25;vn_i_men_rla_05;vn_i_men_rla_07;vn_i_men_rla_09;vn_i_men_rla_23;vn_i_men_rla_24;vn_i_men_rla_25,Remaining selectable official CfgWeapons equipment record.
headgear,vn_b_helmet_m1_02_02,Helmet M1 2 (Camo 2),No Armor,1.0,CfgWeapons_Equipment,https://wiki.sogpf.com/index.php?title=CfgWeapons_Equipment&action=raw,,,Remaining selectable official CfgWeapons equipment record.
headgear,vn_b_helmet_m1_03_01,Helmet M1 3 (Camo),No Armor,1.0,CfgWeapons_Equipment,https://wiki.sogpf.com/index.php?title=CfgWeapons_Equipment&action=raw,WEST;INDEPENDENT,vn_b_men_army_02;vn_i_men_army_04;vn_i_men_army_08;vn_i_men_army_11;vn_i_men_marine_03;vn_i_men_marine_04;vn_i_men_rla_04;vn_i_men_rla_08;vn_i_men_rla_11,Remaining selectable official CfgWeapons equipment record.
headgear,vn_b_helmet_m1_03_02,Helmet M1 3 (Camo 2),No Armor,1.0,CfgWeapons_Equipment,https://wiki.sogpf.com/index.php?title=CfgWeapons_Equipment&action=raw,,,Remaining selectable official CfgWeapons equipment record.
headgear,vn_b_helmet_m1_04_01,Helmet M1 GL (Camo),No Armor,1.0,CfgWeapons_Equipment,https://wiki.sogpf.com/index.php?title=CfgWeapons_Equipment&action=raw,WEST;INDEPENDENT,vn_b_men_army_03;vn_b_men_army_07;vn_b_men_rok_army_65_07;vn_b_men_rok_army_65_17;vn_b_men_rok_army_68_07;vn_b_men_rok_army_68_17;vn_i_men_marine_06;vn_i_men_marine_16,Remaining selectable official CfgWeapons equipment record.
headgear,vn_b_helmet_m1_04_02,Helmet M1 GL (Camo 2),No Armor,1.0,CfgWeapons_Equipment,https://wiki.sogpf.com/index.php?title=CfgWeapons_Equipment&action=raw,,,Remaining selectable official CfgWeapons equipment record.
headgear,vn_b_helmet_m1_05_01,Helmet M1 5 (Camo),No Armor,1.0,CfgWeapons_Equipment,https://wiki.sogpf.com/index.php?title=CfgWeapons_Equipment&action=raw,WEST;INDEPENDENT,vn_b_men_army_04;vn_b_men_army_21;vn_i_men_marine_07;vn_i_men_marine_18,Remaining selectable official CfgWeapons equipment record.
headgear,vn_b_helmet_m1_05_02,Helmet M1 5 (Camo 2),No Armor,1.0,CfgWeapons_Equipment,https://wiki.sogpf.com/index.php?title=CfgWeapons_Equipment&action=raw,,,Remaining selectable official CfgWeapons equipment record.
headgear,vn_b_helmet_m1_06_01,Helmet M1 6 (Camo),No Armor,1.0,CfgWeapons_Equipment,https://wiki.sogpf.com/index.php?title=CfgWeapons_Equipment&action=raw,WEST;INDEPENDENT,vn_b_men_army_05;vn_b_men_army_19;vn_b_men_rok_army_65_19;vn_b_men_rok_army_68_19;vn_i_men_marine_08;vn_i_men_marine_12,Remaining selectable official CfgWeapons equipment record.
headgear,vn_b_helmet_m1_06_02,Helmet M1 6 (Camo 2),No Armor,1.0,CfgWeapons_Equipment,https://wiki.sogpf.com/index.php?title=CfgWeapons_Equipment&action=raw,,,Remaining selectable official CfgWeapons equipment record.
headgear,vn_b_helmet_m1_07_01,Helmet M1 7 (Camo),No Armor,1.0,CfgWeapons_Equipment,https://wiki.sogpf.com/index.php?title=CfgWeapons_Equipment&action=raw,WEST;INDEPENDENT,vn_b_men_army_15;vn_i_men_marine_09;vn_i_men_marine_11;vn_i_men_marine_20,Remaining selectable official CfgWeapons equipment record.
headgear,vn_b_helmet_m1_07_02,Helmet M1 7 (Camo 2),No Armor,1.0,CfgWeapons_Equipment,https://wiki.sogpf.com/index.php?title=CfgWeapons_Equipment&action=raw,,,Remaining selectable official CfgWeapons equipment record.
headgear,vn_b_helmet_m1_08_01,Helmet M1 MG (Camo),No Armor,1.0,CfgWeapons_Equipment,https://wiki.sogpf.com/index.php?title=CfgWeapons_Equipment&action=raw,WEST;INDEPENDENT,vn_b_men_army_06;vn_b_men_rok_army_65_06;vn_b_men_rok_army_68_06;vn_i_men_army_14;vn_i_men_marine_10;vn_i_men_marine_14;vn_i_men_ranger_14;vn_i_men_rla_14,Remaining selectable official CfgWeapons equipment record.
headgear,vn_b_helmet_m1_08_02,Helmet M1 MG (Camo 2),No Armor,1.0,CfgWeapons_Equipment,https://wiki.sogpf.com/index.php?title=CfgWeapons_Equipment&action=raw,WEST,vn_b_men_army_14;vn_b_men_army_27;vn_b_men_rok_army_65_14;vn_b_men_rok_army_65_27;vn_b_men_rok_army_68_14;vn_b_men_rok_army_68_27,Remaining selectable official CfgWeapons equipment record.
headgear,vn_b_helmet_m1_09_01,Helmet M1 Crew (Camo),No Armor,1.0,CfgWeapons_Equipment,https://wiki.sogpf.com/index.php?title=CfgWeapons_Equipment&action=raw,WEST;INDEPENDENT,vn_b_men_army_08;vn_i_men_army_13;vn_i_men_marine_13;vn_i_men_ranger_13;vn_i_men_rla_13,Remaining selectable official CfgWeapons equipment record.
headgear,vn_b_helmet_m1_09_02,Helmet M1 Crew (Camo 2),No Armor,1.0,CfgWeapons_Equipment,https://wiki.sogpf.com/index.php?title=CfgWeapons_Equipment&action=raw,WEST,vn_b_men_army_13;vn_b_men_rok_army_65_13;vn_b_men_rok_army_68_13,Remaining selectable official CfgWeapons equipment record.
headgear,vn_b_helmet_m1_10_01,Helmet M1 Net 1 (Camo),No Armor,1.1,CfgWeapons_Equipment,https://wiki.sogpf.com/index.php?title=CfgWeapons_Equipment&action=raw,,,Remaining selectable official CfgWeapons equipment record.
headgear,vn_b_helmet_m1_11_01,Helmet M1 Net 2 (Camo),No Armor,1.1,CfgWeapons_Equipment,https://wiki.sogpf.com/index.php?title=CfgWeapons_Equipment&action=raw,,,Remaining selectable official CfgWeapons equipment record.
headgear,vn_b_helmet_m1_12_01,Helmet M1 (ROK/ Jungle),No Armor,1.1,CfgWeapons_Equipment,https://wiki.sogpf.com/index.php?title=CfgWeapons_Equipment&action=raw,WEST,vn_b_men_rok_marine_65_01;vn_b_men_rok_marine_65_02;vn_b_men_rok_marine_65_03;vn_b_men_rok_marine_65_04;vn_b_men_rok_marine_65_05;vn_b_men_rok_marine_65_08;vn_b_men_rok_marine_65_09;vn_b_men_rok_marine_65_10;vn_b_men_rok_marine_65_11;vn_b_men_rok_marine_65_12;vn_b_men_rok_marine_65_15;vn_b_men_rok_marine_65_16;vn_b_men_rok_marine_65_18;vn_b_men_rok_marine_65_20;vn_b_men_rok_marine_65_21;vn_b_men_rok_marine_65_28;vn_b_men_rok_marine_65_29;vn_b_men_rok_marine_65_30;vn_b_men_rok_marine_65_31;vn_b_men_rok_marine_68_01;vn_b_men_rok_marine_68_02;vn_b_men_rok_marine_68_03;vn_b_men_rok_marine_68_04;vn_b_men_rok_marine_68_05;vn_b_men_rok_marine_68_08;vn_b_men_rok_marine_68_09;vn_b_men_rok_marine_68_10;vn_b_men_rok_marine_68_11;vn_b_men_rok_marine_68_12;vn_b_men_rok_marine_68_15;vn_b_men_rok_marine_68_16;vn_b_men_rok_marine_68_18;vn_b_men_rok_marine_68_20;vn_b_men_rok_marine_68_21;vn_b_men_rok_marine_68_28;vn_b_men_rok_marine_68_29;vn_b_men_rok_marine_68_30;vn_b_men_rok_marine_68_31,Remaining selectable official CfgWeapons equipment record.
headgear,vn_b_helmet_m1_12_02,Helmet M1 (ROK/ Sand),No Armor,1.1,CfgWeapons_Equipment,https://wiki.sogpf.com/index.php?title=CfgWeapons_Equipment&action=raw,WEST,vn_b_men_rok_marine_65_06;vn_b_men_rok_marine_65_07;vn_b_men_rok_marine_65_13;vn_b_men_rok_marine_65_14;vn_b_men_rok_marine_65_17;vn_b_men_rok_marine_65_19;vn_b_men_rok_marine_68_06;vn_b_men_rok_marine_68_07;vn_b_men_rok_marine_68_13;vn_b_men_rok_marine_68_14;vn_b_men_rok_marine_68_17;vn_b_men_rok_marine_68_19,Remaining selectable official CfgWeapons equipment record.
headgear,vn_b_helmet_m1_14_01,Helmet M1 14 (Camo),No Armor,1.3,CfgWeapons_Equipment,https://wiki.sogpf.com/index.php?title=CfgWeapons_Equipment&action=raw,WEST;INDEPENDENT,vn_b_men_usmc_66_02;vn_b_men_usmc_66_20;vn_b_men_usmc_68_02;vn_b_men_usmc_68_20;vn_b_men_usmc_70_02;vn_b_men_usmc_70_03;vn_b_men_usmc_70_04;vn_b_men_usmc_70_05;vn_b_men_usmc_70_06;vn_b_men_usmc_70_07;vn_b_men_usmc_70_08;vn_b_men_usmc_70_09;vn_b_men_usmc_70_11;vn_b_men_usmc_70_12;vn_b_men_usmc_70_15;vn_b_men_usmc_70_16;vn_b_men_usmc_70_17;vn_b_men_usmc_70_18;vn_b_men_usmc_70_19;vn_b_men_usmc_70_20;vn_b_men_usmc_70_21;vn_i_men_fank_70_04;vn_i_men_fank_71_04,Remaining selectable official CfgWeapons equipment record.
headgear,vn_b_helmet_m1_14_02,Helmet M1 14 (Camo 2),No Armor,1.3,CfgWeapons_Equipment,https://wiki.sogpf.com/index.php?title=CfgWeapons_Equipment&action=raw,,,Remaining selectable official CfgWeapons equipment record.
headgear,vn_b_helmet_m1_15_01,Helmet M1 15 (Camo),No Armor,1.3,CfgWeapons_Equipment,https://wiki.sogpf.com/index.php?title=CfgWeapons_Equipment&action=raw,WEST;INDEPENDENT,vn_b_men_usmc_66_07;vn_b_men_usmc_68_07;vn_i_men_fank_70_08;vn_i_men_fank_71_08,Remaining selectable official CfgWeapons equipment record.
headgear,vn_b_helmet_m1_15_02,Helmet M1 15 (Camo 2),No Armor,1.3,CfgWeapons_Equipment,https://wiki.sogpf.com/index.php?title=CfgWeapons_Equipment&action=raw,,,Remaining selectable official CfgWeapons equipment record.
headgear,vn_b_helmet_m1_16_01,Helmet M1 16 (Camo),No Armor,1.3,CfgWeapons_Equipment,https://wiki.sogpf.com/index.php?title=CfgWeapons_Equipment&action=raw,WEST;INDEPENDENT,vn_b_men_usmc_68_05;vn_b_men_usmc_68_09;vn_b_men_usmc_68_12;vn_b_men_usmc_68_15;vn_b_men_usmc_68_16;vn_b_men_usmc_68_17;vn_b_men_usmc_68_18;vn_b_men_usmc_68_19;vn_i_men_fank_70_11;vn_i_men_fank_71_11,Remaining selectable official CfgWeapons equipment record.
headgear,vn_b_helmet_m1_16_02,Helmet M1 16 (Camo 2),No Armor,1.3,CfgWeapons_Equipment,https://wiki.sogpf.com/index.php?title=CfgWeapons_Equipment&action=raw,,,Remaining selectable official CfgWeapons equipment record.
headgear,vn_b_helmet_m1_17_01,Helmet M1 GL 17 (Camo),No Armor,1.3,CfgWeapons_Equipment,https://wiki.sogpf.com/index.php?title=CfgWeapons_Equipment&action=raw,WEST;INDEPENDENT,vn_b_men_usmc_66_04;vn_b_men_usmc_66_05;vn_b_men_usmc_66_08;vn_b_men_usmc_66_09;vn_b_men_usmc_66_11;vn_b_men_usmc_66_12;vn_b_men_usmc_66_15;vn_b_men_usmc_66_16;vn_b_men_usmc_66_17;vn_b_men_usmc_66_18;vn_b_men_usmc_66_19;vn_b_men_usmc_66_21;vn_b_men_usmc_68_04;vn_b_men_usmc_68_08;vn_b_men_usmc_68_11;vn_b_men_usmc_68_21;vn_i_men_fank_70_13;vn_i_men_fank_71_13,Remaining selectable official CfgWeapons equipment record.
headgear,vn_b_helmet_m1_17_02,Helmet M1 GL 17 (Camo 2),No Armor,1.3,CfgWeapons_Equipment,https://wiki.sogpf.com/index.php?title=CfgWeapons_Equipment&action=raw,,,Remaining selectable official CfgWeapons equipment record.
headgear,vn_b_helmet_m1_18_01,Helmet M1 18 (Camo),No Armor,1.3,CfgWeapons_Equipment,https://wiki.sogpf.com/index.php?title=CfgWeapons_Equipment&action=raw,WEST;INDEPENDENT,vn_b_men_usmc_66_03;vn_b_men_usmc_68_03;vn_i_men_fank_70_14;vn_i_men_fank_71_14,Remaining selectable official CfgWeapons equipment record.
headgear,vn_b_helmet_m1_18_02,Helmet M1 18 (Camo 2),No Armor,1.3,CfgWeapons_Equipment,https://wiki.sogpf.com/index.php?title=CfgWeapons_Equipment&action=raw,,,Remaining selectable official CfgWeapons equipment record.
headgear,vn_b_helmet_m1_19_01,Helmet M1 19 (Camo),No Armor,1.3,CfgWeapons_Equipment,https://wiki.sogpf.com/index.php?title=CfgWeapons_Equipment&action=raw,WEST,vn_b_men_usmc_66_06;vn_b_men_usmc_68_06,Remaining selectable official CfgWeapons equipment record.
headgear,vn_b_helmet_m1_19_02,Helmet M1 19 (Camo 2),No Armor,1.3,CfgWeapons_Equipment,https://wiki.sogpf.com/index.php?title=CfgWeapons_Equipment&action=raw,,,Remaining selectable official CfgWeapons equipment record.
headgear,vn_b_helmet_m1_20_01,Helmet M1 20 (Camo),No Armor,1.3,CfgWeapons_Equipment,https://wiki.sogpf.com/index.php?title=CfgWeapons_Equipment&action=raw,WEST,vn_b_men_usmc_66_13;vn_b_men_usmc_68_13;vn_b_men_usmc_70_13,Remaining selectable official CfgWeapons equipment record.
headgear,vn_b_helmet_m1_20_02,Helmet M1 20 (Camo 2),No Armor,1.3,CfgWeapons_Equipment,https://wiki.sogpf.com/index.php?title=CfgWeapons_Equipment&action=raw,,,Remaining selectable official CfgWeapons equipment record.
headgear,vn_b_helmet_sog_01,Pith Helmet (SOG),No Armor,1.0,CfgWeapons_Equipment,https://wiki.sogpf.com/index.php?title=CfgWeapons_Equipment&action=raw,WEST,vn_b_men_seal_23;vn_b_men_seal_42;vn_b_men_sog_01;vn_b_men_sog_09;vn_b_men_sog_15;vn_b_men_sog_30;vn_b_men_sog_31,Remaining selectable official CfgWeapons equipment record.
headgear,vn_b_helmet_svh4_01_01,Helmet SVH4 (Air Cav),No Armor,1.0,CfgWeapons_Equipment,https://wiki.sogpf.com/index.php?title=CfgWeapons_Equipment&action=raw,WEST,vn_b_men_aircrew_06;vn_b_men_aircrew_26,Remaining selectable official CfgWeapons equipment record.
headgear,vn_b_helmet_svh4_01_02,Helmet SVH4 (ARVN custom),No Armor,1.0,CfgWeapons_Equipment,https://wiki.sogpf.com/index.php?title=CfgWeapons_Equipment&action=raw,,,Remaining selectable official CfgWeapons equipment record.
headgear,vn_b_helmet_svh4_01_03,Helmet SVH4 (USAF),No Armor,1.0,CfgWeapons_Equipment,https://wiki.sogpf.com/index.php?title=CfgWeapons_Equipment&action=raw,WEST,vn_b_men_aircrew_02;vn_b_men_aircrew_base,Remaining selectable official CfgWeapons equipment record.
headgear,vn_b_helmet_svh4_01_04,Helmet SVH4 (Army),No Armor,1.0,CfgWeapons_Equipment,https://wiki.sogpf.com/index.php?title=CfgWeapons_Equipment&action=raw,WEST;INDEPENDENT,vn_b_men_aircrew_04;vn_b_men_aircrew_08;vn_b_men_aircrew_10;vn_b_men_aircrew_12;vn_b_men_aircrew_18;vn_b_men_aircrew_20;vn_b_men_aircrew_22;vn_b_men_aircrew_24;vn_b_men_aircrew_27;vn_b_men_aircrew_29;vn_b_men_aircrew_31;vn_b_men_aircrew_33;vn_b_men_aircrew_36;vn_b_men_aircrew_45;vn_b_men_aircrew_48;vn_i_men_aircrew_09;vn_i_men_aircrew_12,Remaining selectable official CfgWeapons equipment record.
headgear,vn_b_helmet_svh4_01_05,Helmet SVH4 (ARVN),No Armor,1.0,CfgWeapons_Equipment,https://wiki.sogpf.com/index.php?title=CfgWeapons_Equipment&action=raw,WEST;INDEPENDENT,vn_b_men_aircrew_14;vn_b_men_aircrew_16;vn_b_men_aircrew_38;vn_b_men_aircrew_40;vn_i_men_aircrew_02;vn_i_men_aircrew_04;vn_i_men_aircrew_base,Remaining selectable official CfgWeapons equipment record.
headgear,vn_b_helmet_svh4_01_06,Helmet SVH4 (Scream),No Armor,1.0,CfgWeapons_Equipment,https://wiki.sogpf.com/index.php?title=CfgWeapons_Equipment&action=raw,,,Remaining selectable official CfgWeapons equipment record.
headgear,vn_b_helmet_svh4_02_01,Helmet SVH4 (Air Cav/ Visor),No Armor,1.0,CfgWeapons_Equipment,https://wiki.sogpf.com/index.php?title=CfgWeapons_Equipment&action=raw,WEST,vn_b_men_aircrew_05;vn_b_men_aircrew_25,Remaining selectable official CfgWeapons equipment record.
headgear,vn_b_helmet_svh4_02_02,Helmet SVH4 (ARVN custom/ Visor),No Armor,1.0,CfgWeapons_Equipment,https://wiki.sogpf.com/index.php?title=CfgWeapons_Equipment&action=raw,INDEPENDENT,vn_i_men_aircrew_01,Remaining selectable official CfgWeapons equipment record.
headgear,vn_b_helmet_svh4_02_03,Helmet SVH4 (USAF/ Visor),No Armor,1.0,CfgWeapons_Equipment,https://wiki.sogpf.com/index.php?title=CfgWeapons_Equipment&action=raw,WEST,vn_b_men_aircrew_01,Remaining selectable official CfgWeapons equipment record.
headgear,vn_b_helmet_svh4_02_04,Helmet SVH4 (Army/ Visor),No Armor,1.0,CfgWeapons_Equipment,https://wiki.sogpf.com/index.php?title=CfgWeapons_Equipment&action=raw,WEST;INDEPENDENT,vn_b_men_aircrew_03;vn_b_men_aircrew_07;vn_b_men_aircrew_09;vn_b_men_aircrew_11;vn_b_men_aircrew_17;vn_b_men_aircrew_19;vn_b_men_aircrew_21;vn_b_men_aircrew_23;vn_b_men_aircrew_28;vn_b_men_aircrew_30;vn_b_men_aircrew_32;vn_b_men_aircrew_34;vn_b_men_aircrew_35;vn_b_men_aircrew_46;vn_b_men_aircrew_47;vn_i_men_aircrew_10;vn_i_men_aircrew_11,Remaining selectable official CfgWeapons equipment record.
headgear,vn_b_helmet_svh4_02_05,Helmet SVH4 (ARVN/ Visor),No Armor,1.0,CfgWeapons_Equipment,https://wiki.sogpf.com/index.php?title=CfgWeapons_Equipment&action=raw,WEST;INDEPENDENT,vn_b_men_aircrew_13;vn_b_men_aircrew_15;vn_b_men_aircrew_37;vn_i_men_aircrew_03,Remaining selectable official CfgWeapons equipment record.
headgear,vn_b_helmet_svh4_02_06,Helmet SVH4 (Scream/ Visor),No Armor,1.0,CfgWeapons_Equipment,https://wiki.sogpf.com/index.php?title=CfgWeapons_Equipment&action=raw,,,Remaining selectable official CfgWeapons equipment record.
headgear,vn_b_helmet_t56_01_01,Helmet T56,No Armor,1.0,CfgWeapons_Equipment,https://wiki.sogpf.com/index.php?title=CfgWeapons_Equipment&action=raw,WEST,vn_b_men_rok_army_68_23,Remaining selectable official CfgWeapons equipment record.
headgear,vn_b_helmet_t56_01_02,Helmet T56 1,No Armor,1.0,CfgWeapons_Equipment,https://wiki.sogpf.com/index.php?title=CfgWeapons_Equipment&action=raw,WEST,vn_b_men_army_23;vn_b_men_usmc_66_23;vn_b_men_usmc_68_23;vn_b_men_usmc_70_23,Remaining selectable official CfgWeapons equipment record.
headgear,vn_b_helmet_t56_01_03,Helmet T56 2,No Armor,1.0,CfgWeapons_Equipment,https://wiki.sogpf.com/index.php?title=CfgWeapons_Equipment&action=raw,,,Remaining selectable official CfgWeapons equipment record.
headgear,vn_b_helmet_t56_02_01,Helmet T56 (Goggles),No Armor,1.0,CfgWeapons_Equipment,https://wiki.sogpf.com/index.php?title=CfgWeapons_Equipment&action=raw,WEST;INDEPENDENT,vn_b_men_army_25;vn_b_men_aus_army_66_24;vn_b_men_aus_army_70_24;vn_b_men_rok_army_68_24;vn_b_men_rok_army_68_25;vn_b_men_usmc_66_25;vn_b_men_usmc_68_25;vn_b_men_usmc_70_25;vn_i_men_army_24;vn_i_men_army_25;vn_i_men_fank_70_24;vn_i_men_fank_70_25;vn_i_men_fank_71_24;vn_i_men_fank_71_25,Remaining selectable official CfgWeapons equipment record.
headgear,vn_b_helmet_t56_02_02,Helmet T56 1 (Goggles),No Armor,1.0,CfgWeapons_Equipment,https://wiki.sogpf.com/index.php?title=CfgWeapons_Equipment&action=raw,,,Remaining selectable official CfgWeapons equipment record.
headgear,vn_b_helmet_t56_02_03,Helmet T56 2 (Goggles),No Armor,1.0,CfgWeapons_Equipment,https://wiki.sogpf.com/index.php?title=CfgWeapons_Equipment&action=raw,WEST,vn_b_men_army_24;vn_b_men_usmc_66_24;vn_b_men_usmc_68_24;vn_b_men_usmc_70_24,Remaining selectable official CfgWeapons equipment record.
headgear,vn_c_conehat_01,Non La (Strap),No Armor,1.0,CfgWeapons_Equipment,https://wiki.sogpf.com/index.php?title=CfgWeapons_Equipment&action=raw,EAST,CivilianPresence_vn_c_men_02;CivilianPresence_vn_c_men_05;CivilianPresence_vn_c_men_14;CivilianPresence_vn_c_men_19;CivilianPresence_vn_c_men_23;CivilianPresence_vn_c_men_28;vn_c_men_02;vn_c_men_05;vn_c_men_14;vn_c_men_19;vn_c_men_23;vn_c_men_28;vn_o_men_vc_local_04;vn_o_men_vc_local_12;vn_o_men_vc_local_18,Remaining selectable official CfgWeapons equipment record.
headgear,vn_c_conehat_02,Non La,No Armor,1.0,CfgWeapons_Equipment,https://wiki.sogpf.com/index.php?title=CfgWeapons_Equipment&action=raw,EAST,CivilianPresence_vn_c_men_07;CivilianPresence_vn_c_men_12;CivilianPresence_vn_c_men_16;CivilianPresence_vn_c_men_20;CivilianPresence_vn_c_men_25;CivilianPresence_vn_c_men_29;CivilianPresence_vn_c_men_30;vn_c_men_07;vn_c_men_12;vn_c_men_16;vn_c_men_20;vn_c_men_25;vn_c_men_29;vn_c_men_30;vn_o_men_vc_local_05;vn_o_men_vc_local_19,Remaining selectable official CfgWeapons equipment record.
headgear,vn_c_headband_01,Headband (Red),No Armor,1.0,CfgWeapons_Equipment,https://wiki.sogpf.com/index.php?title=CfgWeapons_Equipment&action=raw,EAST,CivilianPresence_vn_c_men_01;CivilianPresence_vn_c_men_03;CivilianPresence_vn_c_men_18;CivilianPresence_vn_c_men_22;CivilianPresence_vn_c_men_27;CivilianPresence_vn_c_men_31;vn_c_men_01;vn_c_men_03;vn_c_men_18;vn_c_men_22;vn_c_men_27;vn_c_men_31;vn_o_men_kr_70_04;vn_o_men_kr_70_07;vn_o_men_kr_70_11;vn_o_men_kr_75_04;vn_o_men_kr_75_07;vn_o_men_kr_75_11;vn_o_men_nva_dc_05,Remaining selectable official CfgWeapons equipment record.
headgear,vn_c_headband_02,Headband (Green),No Armor,1.0,CfgWeapons_Equipment,https://wiki.sogpf.com/index.php?title=CfgWeapons_Equipment&action=raw,EAST,CivilianPresence_vn_c_men_09;CivilianPresence_vn_c_men_13;vn_c_men_09;vn_c_men_13;vn_o_men_vc_local_02,Remaining selectable official CfgWeapons equipment record.
headgear,vn_c_headband_03,Headband (Blue),No Armor,1.0,CfgWeapons_Equipment,https://wiki.sogpf.com/index.php?title=CfgWeapons_Equipment&action=raw,EAST,CivilianPresence_vn_c_men_08;CivilianPresence_vn_c_men_17;vn_c_men_08;vn_c_men_17;vn_o_men_vc_local_03;vn_o_men_vc_local_09;vn_o_men_vc_local_13;vn_o_men_vc_local_17;vn_o_men_vc_local_27;vn_o_men_vc_local_30,Remaining selectable official CfgWeapons equipment record.
headgear,vn_c_headband_04,Headband (Black/white),No Armor,1.0,CfgWeapons_Equipment,https://wiki.sogpf.com/index.php?title=CfgWeapons_Equipment&action=raw,EAST,CivilianPresence_vn_c_men_04;CivilianPresence_vn_c_men_11;CivilianPresence_vn_c_men_21;CivilianPresence_vn_c_men_24;vn_c_men_04;vn_c_men_11;vn_c_men_21;vn_c_men_24;vn_o_men_nva_dc_02;vn_o_men_vc_local_07;vn_o_men_vc_local_21;vn_o_men_vc_local_25;vn_o_men_vc_local_28;vn_o_men_vc_local_32,Remaining selectable official CfgWeapons equipment record.
headgear,vn_i_beret_01_01,Beret (ARVN Armor),No Armor,1.2,CfgWeapons_Equipment,https://wiki.sogpf.com/index.php?title=CfgWeapons_Equipment&action=raw,INDEPENDENT,vn_i_men_army_23,Remaining selectable official CfgWeapons equipment record.
headgear,vn_i_beret_03_01,Beret (ARVN Tan),No Armor,1.2,CfgWeapons_Equipment,https://wiki.sogpf.com/index.php?title=CfgWeapons_Equipment&action=raw,INDEPENDENT,vn_i_men_army_26,Remaining selectable official CfgWeapons equipment record.
headgear,vn_i_beret_03_02,Beret (ARVN Black),No Armor,1.2,CfgWeapons_Equipment,https://wiki.sogpf.com/index.php?title=CfgWeapons_Equipment&action=raw,INDEPENDENT,vn_i_men_marine_22,Remaining selectable official CfgWeapons equipment record.
headgear,vn_i_beret_03_03,Beret (ARVN Airborne),No Armor,1.2,CfgWeapons_Equipment,https://wiki.sogpf.com/index.php?title=CfgWeapons_Equipment&action=raw,INDEPENDENT,vn_i_men_sf_13,Remaining selectable official CfgWeapons equipment record.
headgear,vn_i_beret_03_04,Beret (ARVN Ranger),No Armor,1.2,CfgWeapons_Equipment,https://wiki.sogpf.com/index.php?title=CfgWeapons_Equipment&action=raw,INDEPENDENT,vn_i_men_ranger_22,Remaining selectable official CfgWeapons equipment record.
headgear,vn_i_helmet_m1_01_01,Helmet M1 (Biet Dong Quan),No Armor,1.0,CfgWeapons_Equipment,https://wiki.sogpf.com/index.php?title=CfgWeapons_Equipment&action=raw,INDEPENDENT,vn_i_men_ranger_01;vn_i_men_ranger_03;vn_i_men_ranger_06;vn_i_men_ranger_09;vn_i_men_ranger_11;vn_i_men_ranger_21,Remaining selectable official CfgWeapons equipment record.
headgear,vn_i_helmet_m1_01_02,Helmet M1 (Quan Canh),No Armor,1.0,CfgWeapons_Equipment,https://wiki.sogpf.com/index.php?title=CfgWeapons_Equipment&action=raw,INDEPENDENT,vn_i_men_army_22,Remaining selectable official CfgWeapons equipment record.
headgear,vn_i_helmet_m1_02_01,Helmet M1 (Net 1),No Armor,1.1,CfgWeapons_Equipment,https://wiki.sogpf.com/index.php?title=CfgWeapons_Equipment&action=raw,INDEPENDENT,vn_i_men_army_03;vn_i_men_army_10;vn_i_men_army_12;vn_i_men_army_18;vn_i_men_army_21;vn_i_men_fank_70_03;vn_i_men_fank_70_07;vn_i_men_fank_70_10;vn_i_men_fank_70_18;vn_i_men_fank_70_19;vn_i_men_fank_70_21;vn_i_men_fank_70_26;vn_i_men_fank_71_03;vn_i_men_fank_71_07;vn_i_men_fank_71_10;vn_i_men_fank_71_18;vn_i_men_fank_71_19;vn_i_men_fank_71_21;vn_i_men_fank_71_22;vn_i_men_fank_71_26;vn_i_men_rla_03;vn_i_men_rla_10;vn_i_men_rla_12;vn_i_men_rla_18;vn_i_men_rla_21;vn_i_men_rla_22,Remaining selectable official CfgWeapons equipment record.
headgear,vn_i_helmet_m1_02_02,Helmet M1 (Tiger/ Net 1),No Armor,1.1,CfgWeapons_Equipment,https://wiki.sogpf.com/index.php?title=CfgWeapons_Equipment&action=raw,INDEPENDENT,vn_i_men_ranger_04;vn_i_men_ranger_07;vn_i_men_ranger_15,Remaining selectable official CfgWeapons equipment record.
headgear,vn_i_helmet_m1_03_01,Helmet M1 (Net 2),No Armor,1.1,CfgWeapons_Equipment,https://wiki.sogpf.com/index.php?title=CfgWeapons_Equipment&action=raw,INDEPENDENT,vn_i_men_army_01;vn_i_men_army_06;vn_i_men_army_15;vn_i_men_army_16;vn_i_men_army_20;vn_i_men_fank_70_01;vn_i_men_fank_70_06;vn_i_men_fank_70_09;vn_i_men_fank_70_15;vn_i_men_fank_70_20;vn_i_men_fank_70_22;vn_i_men_fank_71_01;vn_i_men_fank_71_06;vn_i_men_fank_71_09;vn_i_men_fank_71_15;vn_i_men_fank_71_20;vn_i_men_rla_01;vn_i_men_rla_06;vn_i_men_rla_15;vn_i_men_rla_16;vn_i_men_rla_20,Remaining selectable official CfgWeapons equipment record.
headgear,vn_i_helmet_m1_03_02,Helmet M1 (Tiger/ Net 2),No Armor,1.1,CfgWeapons_Equipment,https://wiki.sogpf.com/index.php?title=CfgWeapons_Equipment&action=raw,INDEPENDENT,vn_i_men_ranger_02;vn_i_men_ranger_05;vn_i_men_ranger_08;vn_i_men_ranger_19,Remaining selectable official CfgWeapons equipment record.
headgear,vn_o_boonie_nva_02_01,Boonie Hat (NVA/ green),No Armor,1.0,CfgWeapons_Equipment,https://wiki.sogpf.com/index.php?title=CfgWeapons_Equipment&action=raw,EAST,vn_o_men_nva_dc_11;vn_o_men_nva_dc_14;vn_o_men_nva_dc_16,Remaining selectable official CfgWeapons equipment record.
headgear,vn_o_boonie_nva_02_02,Boonie Hat (NVA/ black),No Armor,1.0,CfgWeapons_Equipment,https://wiki.sogpf.com/index.php?title=CfgWeapons_Equipment&action=raw,EAST,vn_o_men_nva_dc_04;vn_o_men_nva_dc_17,Remaining selectable official CfgWeapons equipment record.
headgear,vn_o_boonie_vc_01_01,Boonie Hat (Green),No Armor,1.0,CfgWeapons_Equipment,https://wiki.sogpf.com/index.php?title=CfgWeapons_Equipment&action=raw,EAST,CivilianPresence_vn_c_men_06;CivilianPresence_vn_c_men_15;CivilianPresence_vn_c_men_32;vn_c_men_06;vn_c_men_15;vn_c_men_32;vn_o_men_vc_local_06;vn_o_men_vc_local_14;vn_o_men_vc_local_22,Remaining selectable official CfgWeapons equipment record.
headgear,vn_o_boonie_vc_01_02,Boonie Hat (Black),No Armor,1.0,CfgWeapons_Equipment,https://wiki.sogpf.com/index.php?title=CfgWeapons_Equipment&action=raw,EAST,CivilianPresence_vn_c_men_10;CivilianPresence_vn_c_men_26;vn_c_men_10;vn_c_men_26;vn_o_men_vc_local_08;vn_o_men_vc_local_11;vn_o_men_vc_local_16;vn_o_men_vc_local_20;vn_o_men_vc_local_23;vn_o_men_vc_local_26;vn_o_men_vc_local_29;vn_o_men_vc_local_31,Remaining selectable official CfgWeapons equipment record.
headgear,vn_o_boonie_vc_02_01,Boonie Hat (VC/ green),No Armor,1.0,CfgWeapons_Equipment,https://wiki.sogpf.com/index.php?title=CfgWeapons_Equipment&action=raw,EAST,vn_o_men_vc_local_15;vn_o_men_vc_regional_08,Remaining selectable official CfgWeapons equipment record.
headgear,vn_o_boonie_vc_02_02,Boonie Hat (VC/ black),No Armor,1.0,CfgWeapons_Equipment,https://wiki.sogpf.com/index.php?title=CfgWeapons_Equipment&action=raw,EAST,vn_o_men_vc_local_01;vn_o_men_vc_regional_12,Remaining selectable official CfgWeapons equipment record.
headgear,vn_o_cap_01,Field cap (NVA),No Armor,1.2,CfgWeapons_Equipment,https://wiki.sogpf.com/index.php?title=CfgWeapons_Equipment&action=raw,EAST,vn_o_men_nva_01;vn_o_men_nva_15;vn_o_men_nva_65_01;vn_o_men_nva_65_15,Remaining selectable official CfgWeapons equipment record.
headgear,vn_o_cap_02,Field cap (VC),No Armor,1.2,CfgWeapons_Equipment,https://wiki.sogpf.com/index.php?title=CfgWeapons_Equipment&action=raw,EAST,vn_o_men_vc_01;vn_o_men_vc_regional_01,Remaining selectable official CfgWeapons equipment record.
headgear,vn_o_cap_03,Field cap,No Armor,1.3,CfgWeapons_Equipment,https://wiki.sogpf.com/index.php?title=CfgWeapons_Equipment&action=raw,,,Remaining selectable official CfgWeapons equipment record.
headgear,vn_o_cap_navy_01,Cap (VPN Sailor),No Armor,1.0,CfgWeapons_Equipment,https://wiki.sogpf.com/index.php?title=CfgWeapons_Equipment&action=raw,EAST,vn_o_men_nva_navy_04;vn_o_men_nva_navy_06;vn_o_men_nva_navy_09;vn_o_men_nva_navy_10;vn_o_men_nva_navy_13,Remaining selectable official CfgWeapons equipment record.
headgear,vn_o_helmet_nva_01,Pith Helmet (NVA),No Armor,1.0,CfgWeapons_Equipment,https://wiki.sogpf.com/index.php?title=CfgWeapons_Equipment&action=raw,,,Remaining selectable official CfgWeapons equipment record.
headgear,vn_o_helmet_nva_02,Pith Helmet (NVA/ strap),No Armor,1.0,CfgWeapons_Equipment,https://wiki.sogpf.com/index.php?title=CfgWeapons_Equipment&action=raw,EAST,vn_o_men_nva_02;vn_o_men_nva_08;vn_o_men_nva_16;vn_o_men_nva_22,Remaining selectable official CfgWeapons equipment record.
headgear,vn_o_helmet_nva_03,Pith Helmet (NVA/ camo),No Armor,1.0,CfgWeapons_Equipment,https://wiki.sogpf.com/index.php?title=CfgWeapons_Equipment&action=raw,EAST,vn_o_men_nva_07;vn_o_men_nva_10;vn_o_men_nva_21;vn_o_men_nva_24;vn_o_men_nva_32;vn_o_men_nva_36;vn_o_men_nva_43;vn_o_men_nva_44;vn_o_men_nva_45;vn_o_men_nva_46;vn_o_men_nva_47;vn_o_men_nva_48;vn_o_men_nva_65_30;vn_o_men_nva_65_33;vn_o_men_nva_dc_01;vn_o_men_nva_dc_03;vn_o_men_nva_dc_06;vn_o_men_nva_dc_12,Remaining selectable official CfgWeapons equipment record.
headgear,vn_o_helmet_nva_04,Pith Helmet (NVA/ assault),No Armor,1.0,CfgWeapons_Equipment,https://wiki.sogpf.com/index.php?title=CfgWeapons_Equipment&action=raw,EAST,vn_o_men_nva_04;vn_o_men_nva_09;vn_o_men_nva_18;vn_o_men_nva_23;vn_o_men_nva_29;vn_o_men_nva_33;vn_o_men_nva_49;vn_o_men_nva_50;vn_o_men_nva_65_29;vn_o_men_nva_65_31;vn_o_men_nva_65_32;vn_o_men_nva_65_34;vn_o_men_nva_dc_07;vn_o_men_nva_dc_10;vn_o_men_nva_dc_13;vn_o_men_nva_dc_15;vn_o_men_nva_dc_18,Remaining selectable official CfgWeapons equipment record.
headgear,vn_o_helmet_nva_05,Pith Helmet (NVA/ driver),No Armor,1.0,CfgWeapons_Equipment,https://wiki.sogpf.com/index.php?title=CfgWeapons_Equipment&action=raw,EAST,vn_o_men_nva_05;vn_o_men_nva_19,Remaining selectable official CfgWeapons equipment record.
headgear,vn_o_helmet_nva_06,Pith Helmet (VPN),No Armor,1.0,CfgWeapons_Equipment,https://wiki.sogpf.com/index.php?title=CfgWeapons_Equipment&action=raw,EAST,vn_o_men_nva_65_03;vn_o_men_nva_65_05;vn_o_men_nva_65_07;vn_o_men_nva_65_09;vn_o_men_nva_65_11;vn_o_men_nva_65_13;vn_o_men_nva_65_17;vn_o_men_nva_65_19;vn_o_men_nva_65_21;vn_o_men_nva_65_23;vn_o_men_nva_65_25;vn_o_men_nva_65_27;vn_o_men_nva_marine_01;vn_o_men_nva_marine_02;vn_o_men_nva_marine_03;vn_o_men_nva_marine_04;vn_o_men_nva_marine_05;vn_o_men_nva_marine_06;vn_o_men_nva_marine_07;vn_o_men_nva_marine_08;vn_o_men_nva_marine_09;vn_o_men_nva_marine_10;vn_o_men_nva_marine_11;vn_o_men_nva_marine_12;vn_o_men_nva_marine_13;vn_o_men_nva_marine_14;vn_o_men_nva_navy_12,Remaining selectable official CfgWeapons equipment record.
headgear,vn_o_helmet_nva_07,Pith Helmet (NVA/ net),No Armor,1.1,CfgWeapons_Equipment,https://wiki.sogpf.com/index.php?title=CfgWeapons_Equipment&action=raw,EAST,vn_o_men_nva_03;vn_o_men_nva_17;vn_o_men_nva_31;vn_o_men_nva_35,Remaining selectable official CfgWeapons equipment record.
headgear,vn_o_helmet_nva_08,Pith Helmet (VPN/ net),No Armor,1.1,CfgWeapons_Equipment,https://wiki.sogpf.com/index.php?title=CfgWeapons_Equipment&action=raw,EAST,vn_o_men_nva_65_02;vn_o_men_nva_65_04;vn_o_men_nva_65_06;vn_o_men_nva_65_08;vn_o_men_nva_65_10;vn_o_men_nva_65_12;vn_o_men_nva_65_14;vn_o_men_nva_65_16;vn_o_men_nva_65_18;vn_o_men_nva_65_20;vn_o_men_nva_65_22;vn_o_men_nva_65_24;vn_o_men_nva_65_26;vn_o_men_nva_65_28;vn_o_men_pl_04;vn_o_men_pl_07;vn_o_men_pl_11;vn_o_men_pl_24;vn_o_men_pl_25,Remaining selectable official CfgWeapons equipment record.
headgear,vn_o_helmet_nva_09,Helmet SSh-40,No Armor,1.1,CfgWeapons_Equipment,https://wiki.sogpf.com/index.php?title=CfgWeapons_Equipment&action=raw,EAST,vn_o_men_nva_11;vn_o_men_nva_12;vn_o_men_nva_13;vn_o_men_nva_14;vn_o_men_nva_25;vn_o_men_nva_26;vn_o_men_nva_27;vn_o_men_nva_28;vn_o_men_nva_30;vn_o_men_nva_34;vn_o_men_nva_navy_01;vn_o_men_nva_navy_02;vn_o_men_nva_navy_03;vn_o_men_nva_navy_05;vn_o_men_nva_navy_07;vn_o_men_nva_navy_08;vn_o_men_nva_navy_11;vn_o_men_nva_navy_14,Remaining selectable official CfgWeapons equipment record.
headgear,vn_o_helmet_nva_10,Helmet M56,No Armor,1.1,CfgWeapons_Equipment,https://wiki.sogpf.com/index.php?title=CfgWeapons_Equipment&action=raw,EAST,vn_o_men_nva_06;vn_o_men_nva_20,Remaining selectable official CfgWeapons equipment record.
headgear,vn_o_helmet_shl61_01,Helmet SHL61 (Goggles),No Armor,1.0,CfgWeapons_Equipment,https://wiki.sogpf.com/index.php?title=CfgWeapons_Equipment&action=raw,EAST,vn_o_men_aircrew_03;vn_o_men_aircrew_05,Remaining selectable official CfgWeapons equipment record.
headgear,vn_o_helmet_shl61_02,Helmet SHL61,No Armor,1.0,CfgWeapons_Equipment,https://wiki.sogpf.com/index.php?title=CfgWeapons_Equipment&action=raw,EAST,vn_o_men_aircrew_04;vn_o_men_aircrew_06,Remaining selectable official CfgWeapons equipment record.
headgear,vn_o_helmet_tsh3_01,Helmet TSH3 (Goggles),No Armor,1.0,CfgWeapons_Equipment,https://wiki.sogpf.com/index.php?title=CfgWeapons_Equipment&action=raw,EAST,vn_o_men_kr_70_19;vn_o_men_kr_70_20;vn_o_men_kr_75_19;vn_o_men_kr_75_20;vn_o_men_nva_38;vn_o_men_nva_39;vn_o_men_nva_41;vn_o_men_nva_42;vn_o_men_nva_65_36;vn_o_men_nva_65_37;vn_o_men_nva_65_39;vn_o_men_nva_65_40;vn_o_men_pl_19;vn_o_men_pl_20,Remaining selectable official CfgWeapons equipment record.
headgear,vn_o_helmet_tsh3_02,Helmet TSH3,No Armor,1.0,CfgWeapons_Equipment,https://wiki.sogpf.com/index.php?title=CfgWeapons_Equipment&action=raw,EAST,vn_o_men_kr_70_18;vn_o_men_kr_75_18;vn_o_men_nva_37;vn_o_men_nva_40;vn_o_men_nva_65_35;vn_o_men_nva_65_38;vn_o_men_pl_18,Remaining selectable official CfgWeapons equipment record.
headgear,vn_o_helmet_vc_01,Pith Helmet (VC),No Armor,1.0,CfgWeapons_Equipment,https://wiki.sogpf.com/index.php?title=CfgWeapons_Equipment&action=raw,EAST,vn_o_men_vc_03;vn_o_men_vc_09;vn_o_men_vc_15;vn_o_men_vc_regional_02;vn_o_men_vc_regional_03;vn_o_men_vc_regional_09;vn_o_men_vc_regional_13,Remaining selectable official CfgWeapons equipment record.
headgear,vn_o_helmet_vc_02,Pith Helmet (VC/ strap),No Armor,1.0,CfgWeapons_Equipment,https://wiki.sogpf.com/index.php?title=CfgWeapons_Equipment&action=raw,EAST,vn_o_men_vc_08;vn_o_men_vc_12;vn_o_men_vc_regional_04;vn_o_men_vc_regional_05;vn_o_men_vc_regional_06,Remaining selectable official CfgWeapons equipment record.
headgear,vn_o_helmet_vc_03,Pith Helmet (VC/ camo),No Armor,1.0,CfgWeapons_Equipment,https://wiki.sogpf.com/index.php?title=CfgWeapons_Equipment&action=raw,EAST,vn_o_men_vc_06;vn_o_men_vc_10;vn_o_men_vc_14;vn_o_men_vc_17;vn_o_men_vc_local_10;vn_o_men_vc_local_24;vn_o_men_vc_regional_10,Remaining selectable official CfgWeapons equipment record.
headgear,vn_o_helmet_vc_04,Pith Helmet (VC/ assault),No Armor,1.0,CfgWeapons_Equipment,https://wiki.sogpf.com/index.php?title=CfgWeapons_Equipment&action=raw,EAST,vn_o_men_vc_02;vn_o_men_vc_05;vn_o_men_vc_13;vn_o_men_vc_16;vn_o_men_vc_regional_07;vn_o_men_vc_regional_11;vn_o_men_vc_regional_14,Remaining selectable official CfgWeapons equipment record.
headgear,vn_o_helmet_vc_05,Pith Helmet (VC/ net),No Armor,1.1,CfgWeapons_Equipment,https://wiki.sogpf.com/index.php?title=CfgWeapons_Equipment&action=raw,EAST,vn_o_men_vc_04;vn_o_men_vc_07;vn_o_men_vc_11,Remaining selectable official CfgWeapons equipment record.
headgear,vn_o_helmet_zsh3_01,Helmet ZSH03,No Armor,1.0,CfgWeapons_Equipment,https://wiki.sogpf.com/index.php?title=CfgWeapons_Equipment&action=raw,EAST,vn_o_men_aircrew_01;vn_o_men_aircrew_07,Remaining selectable official CfgWeapons equipment record.
headgear,vn_o_helmet_zsh3_02,Helmet ZSH03 (Visor),No Armor,1.0,CfgWeapons_Equipment,https://wiki.sogpf.com/index.php?title=CfgWeapons_Equipment&action=raw,EAST,vn_o_men_aircrew_02;vn_o_men_aircrew_08,Remaining selectable official CfgWeapons equipment record.
headgear,vn_o_pl_cap_01_01,Cap (PL),No Armor,1.2,CfgWeapons_Equipment,https://wiki.sogpf.com/index.php?title=CfgWeapons_Equipment&action=raw,EAST,vn_o_men_kr_70_01;vn_o_men_kr_70_03;vn_o_men_kr_70_09;vn_o_men_kr_70_15;vn_o_men_kr_70_21;vn_o_men_kr_70_22;vn_o_men_kr_75_01;vn_o_men_kr_75_03;vn_o_men_kr_75_09;vn_o_men_kr_75_15;vn_o_men_kr_75_21;vn_o_men_kr_75_22;vn_o_men_pl_01;vn_o_men_pl_03;vn_o_men_pl_09;vn_o_men_pl_15;vn_o_men_pl_21;vn_o_men_pl_22;vn_o_men_pl_23;vn_o_men_pl_29,Remaining selectable official CfgWeapons equipment record.
headgear,vn_o_pl_cap_02_01,Cap (PL Tan),No Armor,1.2,CfgWeapons_Equipment,https://wiki.sogpf.com/index.php?title=CfgWeapons_Equipment&action=raw,EAST,vn_o_men_kr_70_02;vn_o_men_kr_70_05;vn_o_men_kr_70_06;vn_o_men_kr_70_08;vn_o_men_kr_70_10;vn_o_men_kr_70_12;vn_o_men_kr_70_13;vn_o_men_kr_70_14;vn_o_men_kr_70_16;vn_o_men_kr_70_17;vn_o_men_kr_70_23;vn_o_men_kr_70_24;vn_o_men_kr_75_02;vn_o_men_kr_75_05;vn_o_men_kr_75_06;vn_o_men_kr_75_08;vn_o_men_kr_75_10;vn_o_men_kr_75_12;vn_o_men_kr_75_13;vn_o_men_kr_75_14;vn_o_men_kr_75_16;vn_o_men_kr_75_17;vn_o_men_kr_75_23;vn_o_men_pl_02;vn_o_men_pl_05;vn_o_men_pl_06;vn_o_men_pl_08;vn_o_men_pl_10;vn_o_men_pl_12;vn_o_men_pl_13;vn_o_men_pl_14;vn_o_men_pl_16;vn_o_men_pl_17;vn_o_men_pl_26;vn_o_men_pl_27;vn_o_men_pl_28;vn_o_men_pl_30;vn_o_men_pl_31,Remaining selectable official CfgWeapons equipment record.
headgear,vn_o_pl_cap_02_02,Cap (PL Grey),No Armor,1.2,CfgWeapons_Equipment,https://wiki.sogpf.com/index.php?title=CfgWeapons_Equipment&action=raw,,,Remaining selectable official CfgWeapons equipment record.
uniform,vn_b_uniform_aus_01_01,BDU AUS 1 (Olive),,1.2,CfgWeapons_Equipment,https://wiki.sogpf.com/index.php?title=CfgWeapons_Equipment&action=raw,WEST,vn_b_men_aus_army_66_01;vn_b_men_aus_army_66_05;vn_b_men_aus_army_66_07;vn_b_men_aus_army_66_10;vn_b_men_aus_army_66_13;vn_b_men_aus_army_66_16;vn_b_men_aus_army_66_17;vn_b_men_aus_army_66_18;vn_b_men_aus_army_66_23;vn_b_men_aus_army_66_24;vn_b_men_aus_army_66_25;vn_b_men_aus_army_66_27;vn_b_men_aus_army_70_23;vn_b_men_aus_army_70_24;vn_b_men_aus_army_70_25;vn_b_men_aus_army_70_27;vn_b_men_nz_army_66_05;vn_b_men_nz_army_66_15;vn_b_men_nz_army_66_19;vn_b_men_nz_army_66_22,Official CfgWeapons equipment uniform record.
uniform,vn_b_uniform_aus_02_01,BDU AUS 2 (Olive),,1.2,CfgWeapons_Equipment,https://wiki.sogpf.com/index.php?title=CfgWeapons_Equipment&action=raw,WEST,vn_b_men_aus_army_66_02;vn_b_men_aus_army_66_06;vn_b_men_aus_army_66_08;vn_b_men_aus_army_66_11;vn_b_men_aus_army_66_14;vn_b_men_aus_army_66_21;vn_b_men_aus_army_66_26;vn_b_men_aus_army_70_26;vn_b_men_nz_army_66_06;vn_b_men_nz_army_66_16;vn_b_men_nz_army_66_21,Official CfgWeapons equipment uniform record.
uniform,vn_b_uniform_aus_03_01,BDU AUS 3 (Olive),,1.2,CfgWeapons_Equipment,https://wiki.sogpf.com/index.php?title=CfgWeapons_Equipment&action=raw,WEST,vn_b_men_aus_army_66_03;vn_b_men_aus_army_66_09;vn_b_men_aus_army_66_15;vn_b_men_aus_army_66_19;vn_b_men_aus_army_68_05;vn_b_men_aus_army_68_07;vn_b_men_aus_army_68_15;vn_b_men_aus_army_68_22;vn_b_men_aus_army_70_05;vn_b_men_aus_army_70_07;vn_b_men_aus_army_70_15;vn_b_men_aus_army_70_22;vn_b_men_nz_army_66_09;vn_b_men_nz_army_66_13;vn_b_men_nz_army_68_03;vn_b_men_nz_army_68_15;vn_b_men_nz_army_70_03;vn_b_men_nz_army_70_15,Official CfgWeapons equipment uniform record.
uniform,vn_b_uniform_aus_04_01,BDU AUS 4 (Olive),,1.2,CfgWeapons_Equipment,https://wiki.sogpf.com/index.php?title=CfgWeapons_Equipment&action=raw,WEST,vn_b_men_aus_army_66_04;vn_b_men_aus_army_66_12;vn_b_men_aus_army_66_20;vn_b_men_aus_army_66_22;vn_b_men_aus_army_68_06;vn_b_men_aus_army_68_08;vn_b_men_aus_army_70_06;vn_b_men_aus_army_70_08;vn_b_men_nz_army_66_10;vn_b_men_nz_army_66_14;vn_b_men_nz_army_66_20;vn_b_men_nz_army_68_04;vn_b_men_nz_army_68_16;vn_b_men_nz_army_68_19;vn_b_men_nz_army_70_04;vn_b_men_nz_army_70_16;vn_b_men_nz_army_70_19,Official CfgWeapons equipment uniform record.
uniform,vn_b_uniform_aus_05_01,BDU AUS 5 (Olive),,1.2,CfgWeapons_Equipment,https://wiki.sogpf.com/index.php?title=CfgWeapons_Equipment&action=raw,WEST,vn_b_men_aus_army_68_11;vn_b_men_aus_army_68_18;vn_b_men_aus_army_70_11;vn_b_men_aus_army_70_18;vn_b_men_nz_army_68_09;vn_b_men_nz_army_70_09,Official CfgWeapons equipment uniform record.
uniform,vn_b_uniform_aus_06_01,BDU AUS 6 (Olive),,1.2,CfgWeapons_Equipment,https://wiki.sogpf.com/index.php?title=CfgWeapons_Equipment&action=raw,WEST,vn_b_men_aus_army_68_12;vn_b_men_aus_army_68_19;vn_b_men_aus_army_70_12;vn_b_men_aus_army_70_19;vn_b_men_nz_army_68_10;vn_b_men_nz_army_70_10,Official CfgWeapons equipment uniform record.
uniform,vn_b_uniform_aus_07_01,BDU AUS 7 (Olive),,1.2,CfgWeapons_Equipment,https://wiki.sogpf.com/index.php?title=CfgWeapons_Equipment&action=raw,WEST,vn_b_men_aus_army_68_01;vn_b_men_aus_army_68_09;vn_b_men_aus_army_68_16;vn_b_men_aus_army_70_01;vn_b_men_aus_army_70_09;vn_b_men_aus_army_70_16;vn_b_men_nz_army_68_07;vn_b_men_nz_army_70_07,Official CfgWeapons equipment uniform record.
uniform,vn_b_uniform_aus_08_01,BDU AUS 8 (Olive),,1.2,CfgWeapons_Equipment,https://wiki.sogpf.com/index.php?title=CfgWeapons_Equipment&action=raw,WEST,vn_b_men_aus_army_68_02;vn_b_men_aus_army_68_10;vn_b_men_aus_army_68_17;vn_b_men_aus_army_70_02;vn_b_men_aus_army_70_10;vn_b_men_aus_army_70_17;vn_b_men_nz_army_68_08;vn_b_men_nz_army_70_08,Official CfgWeapons equipment uniform record.
uniform,vn_b_uniform_aus_09_01,BDU AUS 9 (Olive),,1.2,CfgWeapons_Equipment,https://wiki.sogpf.com/index.php?title=CfgWeapons_Equipment&action=raw,WEST,vn_b_men_aus_army_68_03;vn_b_men_aus_army_68_13;vn_b_men_aus_army_68_21;vn_b_men_aus_army_70_03;vn_b_men_aus_army_70_13;vn_b_men_aus_army_70_21;vn_b_men_nz_army_68_13;vn_b_men_nz_army_70_13,Official CfgWeapons equipment uniform record.
uniform,vn_b_uniform_aus_10_01,BDU AUS 10 (Olive),,1.2,CfgWeapons_Equipment,https://wiki.sogpf.com/index.php?title=CfgWeapons_Equipment&action=raw,WEST,vn_b_men_aus_army_68_04;vn_b_men_aus_army_68_14;vn_b_men_aus_army_68_20;vn_b_men_aus_army_70_04;vn_b_men_aus_army_70_14;vn_b_men_aus_army_70_20;vn_b_men_nz_army_68_14;vn_b_men_nz_army_70_14,Official CfgWeapons equipment uniform record.
uniform,vn_b_uniform_basecharacter_01,Underwear (MACV),,1.0,CfgWeapons_Equipment,https://wiki.sogpf.com/index.php?title=CfgWeapons_Equipment&action=raw,,vn_basecharacter_01,Official CfgWeapons equipment uniform record.
uniform,vn_b_uniform_heli_01_01,BDU US Army Aircrew,,1.0,CfgWeapons_Equipment,https://wiki.sogpf.com/index.php?title=CfgWeapons_Equipment&action=raw,WEST;INDEPENDENT,vn_b_men_aircrew_01;vn_b_men_aircrew_02;vn_b_men_aircrew_03;vn_b_men_aircrew_04;vn_b_men_aircrew_05;vn_b_men_aircrew_06;vn_b_men_aircrew_45;vn_b_men_aircrew_46;vn_b_men_aircrew_base;vn_i_men_aircrew_03;vn_i_men_aircrew_04;vn_i_men_aircrew_09;vn_i_men_aircrew_10,Official CfgWeapons equipment uniform record.
uniform,vn_b_uniform_k2b_01_01,K2B USAF Jet Crew,,1.0,CfgWeapons_Equipment,https://wiki.sogpf.com/index.php?title=CfgWeapons_Equipment&action=raw,WEST;INDEPENDENT,vn_b_men_jetpilot_01;vn_b_men_jetpilot_02;vn_b_men_jetpilot_09;vn_b_men_jetpilot_10;vn_i_men_aircrew_05;vn_i_men_aircrew_06;vn_i_men_aircrew_07;vn_i_men_aircrew_08;vn_i_men_jetpilot_01;vn_i_men_jetpilot_02,Official CfgWeapons equipment uniform record.
uniform,vn_b_uniform_k2b_01_02,K2B USMC Jet Crew,,1.0,CfgWeapons_Equipment,https://wiki.sogpf.com/index.php?title=CfgWeapons_Equipment&action=raw,WEST,vn_b_men_jetpilot_03;vn_b_men_jetpilot_04;vn_b_men_jetpilot_05;vn_b_men_jetpilot_06;vn_b_men_jetpilot_07;vn_b_men_jetpilot_08,Official CfgWeapons equipment uniform record.
uniform,vn_b_uniform_k2b_01_04,K2B USMC Jet Crew (Tiger),,1.2,CfgWeapons_Equipment,https://wiki.sogpf.com/index.php?title=CfgWeapons_Equipment&action=raw,WEST,vn_b_men_jetpilot_11,Official CfgWeapons equipment uniform record.
uniform,vn_b_uniform_k2b_01_05,K2B USMC Jet Crew (Khaki),,1.2,CfgWeapons_Equipment,https://wiki.sogpf.com/index.php?title=CfgWeapons_Equipment&action=raw,WEST,vn_b_men_jetpilot_12,Official CfgWeapons equipment uniform record.
uniform,vn_b_uniform_k2b_02_01,K2B US Army Heli Crew,,1.0,CfgWeapons_Equipment,https://wiki.sogpf.com/index.php?title=CfgWeapons_Equipment&action=raw,WEST;INDEPENDENT,vn_b_men_aircrew_07;vn_b_men_aircrew_08;vn_b_men_aircrew_25;vn_b_men_aircrew_26;vn_b_men_aircrew_41;vn_b_men_aircrew_42;vn_b_men_aircrew_43;vn_b_men_aircrew_44;vn_b_men_aircrew_47;vn_b_men_aircrew_48;vn_b_men_aircrew_49;vn_b_men_aircrew_50;vn_i_men_aircrew_01;vn_i_men_aircrew_02;vn_i_men_aircrew_11;vn_i_men_aircrew_12;vn_i_men_aircrew_base,Official CfgWeapons equipment uniform record.
uniform,vn_b_uniform_k2b_02_02,K2B USMC Heli Crew,,1.0,CfgWeapons_Equipment,https://wiki.sogpf.com/index.php?title=CfgWeapons_Equipment&action=raw,WEST,vn_b_men_aircrew_09;vn_b_men_aircrew_10;vn_b_men_aircrew_11;vn_b_men_aircrew_12;vn_b_men_aircrew_21;vn_b_men_aircrew_22;vn_b_men_aircrew_23;vn_b_men_aircrew_24,Official CfgWeapons equipment uniform record.
uniform,vn_b_uniform_k2b_02_03,K2B USSF Heli Crew,,1.0,CfgWeapons_Equipment,https://wiki.sogpf.com/index.php?title=CfgWeapons_Equipment&action=raw,WEST,vn_b_men_aircrew_13;vn_b_men_aircrew_14;vn_b_men_aircrew_15;vn_b_men_aircrew_16;vn_b_men_aircrew_37;vn_b_men_aircrew_38,Official CfgWeapons equipment uniform record.
uniform,vn_b_uniform_k2b_02_04,K2B USMC Heli Crew (Tiger),,1.2,CfgWeapons_Equipment,https://wiki.sogpf.com/index.php?title=CfgWeapons_Equipment&action=raw,WEST,vn_b_men_aircrew_35,Official CfgWeapons equipment uniform record.
uniform,vn_b_uniform_k2b_02_05,K2B USMC Heli Crew (Khaki),,1.2,CfgWeapons_Equipment,https://wiki.sogpf.com/index.php?title=CfgWeapons_Equipment&action=raw,WEST,vn_b_men_aircrew_36,Official CfgWeapons equipment uniform record.
uniform,vn_b_uniform_k2b_03_01,K2B RAAF Heli Crew,,1.2,CfgWeapons_Equipment,https://wiki.sogpf.com/index.php?title=CfgWeapons_Equipment&action=raw,WEST,vn_b_men_aircrew_27;vn_b_men_aircrew_28;vn_b_men_aircrew_29;vn_b_men_aircrew_30;vn_b_men_aircrew_33;vn_b_men_aircrew_34,Official CfgWeapons equipment uniform record.
uniform,vn_b_uniform_k2b_03_02,K2B RAN Heli Crew,,1.2,CfgWeapons_Equipment,https://wiki.sogpf.com/index.php?title=CfgWeapons_Equipment&action=raw,WEST,vn_b_men_aircrew_31;vn_b_men_aircrew_32,Official CfgWeapons equipment uniform record.
uniform,vn_b_uniform_macv_01_01,BDU MACV 1 (Olive/ field),,1.0,CfgWeapons_Equipment,https://wiki.sogpf.com/index.php?title=CfgWeapons_Equipment&action=raw,WEST;INDEPENDENT,vn_b_men_army_01;vn_b_men_army_10;vn_b_men_army_16;vn_b_men_army_18;vn_b_men_army_22;vn_b_men_army_23;vn_b_men_army_24;vn_b_men_army_25;vn_b_men_army_28;vn_b_men_rok_army_65_01;vn_b_men_rok_army_65_10;vn_b_men_rok_army_65_16;vn_b_men_rok_army_65_18;vn_b_men_rok_army_65_28;vn_b_men_rok_army_68_01;vn_b_men_rok_army_68_10;vn_b_men_rok_army_68_16;vn_b_men_rok_army_68_18;vn_b_men_rok_army_68_23;vn_b_men_rok_army_68_24;vn_b_men_rok_army_68_25;vn_b_men_rok_army_68_28;vn_b_men_rok_marine_65_01;vn_b_men_rok_marine_65_10;vn_b_men_rok_marine_65_16;vn_b_men_rok_marine_65_18;vn_b_men_rok_marine_65_28;vn_b_men_seal_47;vn_i_men_army_23;vn_i_men_army_24;vn_i_men_army_25;vn_i_men_fank_70_01;vn_i_men_fank_70_06;vn_i_men_fank_70_09;vn_i_men_fank_70_10;vn_i_men_fank_70_12;vn_i_men_fank_70_16;vn_i_men_fank_70_17;vn_i_men_fank_70_18;vn_i_men_fank_70_22;vn_i_men_fank_70_23;vn_i_men_fank_70_24;vn_i_men_fank_70_25;vn_i_men_fank_71_01;vn_i_men_fank_71_06;vn_i_men_fank_71_09;vn_i_men_fank_71_10;vn_i_men_fank_71_12;vn_i_men_fank_71_16;vn_i_men_fank_71_17;vn_i_men_fank_71_18;vn_i_men_fank_71_22;vn_i_men_fank_71_23;vn_i_men_fank_71_24;vn_i_men_fank_71_25,Official CfgWeapons equipment uniform record.
uniform,vn_b_uniform_macv_01_02,BDU MACV 1 (Tiger),,1.0,CfgWeapons_Equipment,https://wiki.sogpf.com/index.php?title=CfgWeapons_Equipment&action=raw,WEST,vn_b_men_aus_sas_66_05;vn_b_men_aus_sas_66_11;vn_b_men_aus_sas_70_05;vn_b_men_aus_sas_70_11;vn_b_men_nz_sas_70_05;vn_b_men_nz_sas_70_11;vn_b_men_seal_42;vn_b_men_sf_01;vn_b_men_sf_13;vn_b_men_sf_16;vn_b_men_sf_18;vn_b_men_usmc_recon_70_05,Official CfgWeapons equipment uniform record.
uniform,vn_b_uniform_macv_01_03,BDU MACV 1 (Black),,1.0,CfgWeapons_Equipment,https://wiki.sogpf.com/index.php?title=CfgWeapons_Equipment&action=raw,WEST,vn_b_men_sog_10,Official CfgWeapons equipment uniform record.
uniform,vn_b_uniform_macv_01_04,BDU MACV 1 (Spray),,1.0,CfgWeapons_Equipment,https://wiki.sogpf.com/index.php?title=CfgWeapons_Equipment&action=raw,WEST,vn_b_men_sog_11;vn_b_men_sog_16,Official CfgWeapons equipment uniform record.
uniform,vn_b_uniform_macv_01_05,BDU MACV 1 (Tiger green),,1.0,CfgWeapons_Equipment,https://wiki.sogpf.com/index.php?title=CfgWeapons_Equipment&action=raw,INDEPENDENT,vn_i_men_marine_01;vn_i_men_marine_09;vn_i_men_marine_12;vn_i_men_marine_16;vn_i_men_marine_18;vn_i_men_sf_01;vn_i_men_sf_06;vn_i_men_sf_12;vn_i_men_sf_13,Official CfgWeapons equipment uniform record.
uniform,vn_b_uniform_macv_01_06,BDU MACV 1 (ERDL/brown),,1.0,CfgWeapons_Equipment,https://wiki.sogpf.com/index.php?title=CfgWeapons_Equipment&action=raw,WEST,vn_b_men_lrrp_01;vn_b_men_seal_23;vn_b_men_seal_37,Official CfgWeapons equipment uniform record.
uniform,vn_b_uniform_macv_01_07,BDU MACV 1 (Olive),,1.0,CfgWeapons_Equipment,https://wiki.sogpf.com/index.php?title=CfgWeapons_Equipment&action=raw,WEST;INDEPENDENT,vn_b_men_navy_01;vn_b_men_navy_02;vn_b_men_navy_09;vn_i_men_army_01;vn_i_men_army_06;vn_i_men_army_09;vn_i_men_army_10;vn_i_men_army_12;vn_i_men_army_16;vn_i_men_army_17;vn_i_men_army_18;vn_i_men_army_22;vn_i_men_rla_09;vn_i_men_rla_10;vn_i_men_rla_12;vn_i_men_rla_16;vn_i_men_rla_17;vn_i_men_rla_18,Official CfgWeapons equipment uniform record.
uniform,vn_b_uniform_macv_01_08,BDU MACV 1 (Leopard),,1.0,CfgWeapons_Equipment,https://wiki.sogpf.com/index.php?title=CfgWeapons_Equipment&action=raw,WEST,vn_b_men_cidg_01;vn_b_men_cidg_09;vn_b_men_cidg_13;vn_b_men_cidg_16;vn_b_men_cidg_18,Official CfgWeapons equipment uniform record.
uniform,vn_b_uniform_macv_01_15,BDU MACV 1 (ERDL),,1.2,CfgWeapons_Equipment,https://wiki.sogpf.com/index.php?title=CfgWeapons_Equipment&action=raw,WEST,vn_b_men_sf_06,Official CfgWeapons equipment uniform record.
uniform,vn_b_uniform_macv_01_16,BDU RLA 1 (Lizard),,1.2,CfgWeapons_Equipment,https://wiki.sogpf.com/index.php?title=CfgWeapons_Equipment&action=raw,INDEPENDENT,vn_i_men_rla_01,Official CfgWeapons equipment uniform record.
uniform,vn_b_uniform_macv_01_17,BDU ARVN 1 (BDQ),,1.2,CfgWeapons_Equipment,https://wiki.sogpf.com/index.php?title=CfgWeapons_Equipment&action=raw,INDEPENDENT,vn_i_men_ranger_01;vn_i_men_ranger_09;vn_i_men_ranger_12;vn_i_men_ranger_17,Official CfgWeapons equipment uniform record.
uniform,vn_b_uniform_macv_01_18,BDU ROK 1 (Frog),,1.2,CfgWeapons_Equipment,https://wiki.sogpf.com/index.php?title=CfgWeapons_Equipment&action=raw,WEST,vn_b_men_rok_marine_68_01;vn_b_men_rok_marine_68_10;vn_b_men_rok_marine_68_16;vn_b_men_rok_marine_68_18;vn_b_men_rok_marine_68_28,Official CfgWeapons equipment uniform record.
uniform,vn_b_uniform_macv_01_22,BDU MACV 1 (ERDL/ MEDT),,1.3,CfgWeapons_Equipment,https://wiki.sogpf.com/index.php?title=CfgWeapons_Equipment&action=raw,WEST,vn_b_men_medt_01,Official CfgWeapons equipment uniform record.
uniform,vn_b_uniform_macv_01_23,BDU MACV 2 (ERDL/ MEDT),,1.3,CfgWeapons_Equipment,https://wiki.sogpf.com/index.php?title=CfgWeapons_Equipment&action=raw,WEST,vn_b_men_medt_02,Official CfgWeapons equipment uniform record.
uniform,vn_b_uniform_macv_01_24,BDU MACV 3 (ERDL/ MEDT),,1.3,CfgWeapons_Equipment,https://wiki.sogpf.com/index.php?title=CfgWeapons_Equipment&action=raw,WEST,vn_b_men_medt_03,Official CfgWeapons equipment uniform record.
uniform,vn_b_uniform_macv_01_25,BDU MACV 4 (ERDL/ MEDT),,1.3,CfgWeapons_Equipment,https://wiki.sogpf.com/index.php?title=CfgWeapons_Equipment&action=raw,WEST,vn_b_men_medt_04,Official CfgWeapons equipment uniform record.
uniform,vn_b_uniform_macv_01_26,BDU MACV 5 (ERDL/ MEDT),,1.3,CfgWeapons_Equipment,https://wiki.sogpf.com/index.php?title=CfgWeapons_Equipment&action=raw,WEST,vn_b_men_medt_05,Official CfgWeapons equipment uniform record.
uniform,vn_b_uniform_macv_02_01,BDU MACV 2 (Olive/ field),,1.0,CfgWeapons_Equipment,https://wiki.sogpf.com/index.php?title=CfgWeapons_Equipment&action=raw,WEST;INDEPENDENT,vn_b_men_army_02;vn_b_men_army_07;vn_b_men_army_09;vn_b_men_army_11;vn_b_men_rok_army_65_02;vn_b_men_rok_army_65_07;vn_b_men_rok_army_65_09;vn_b_men_rok_army_65_11;vn_b_men_rok_army_68_02;vn_b_men_rok_army_68_07;vn_b_men_rok_army_68_09;vn_b_men_rok_army_68_11;vn_b_men_rok_marine_65_02;vn_b_men_rok_marine_65_07;vn_b_men_rok_marine_65_09;vn_b_men_rok_marine_65_11;vn_b_men_seal_48;vn_b_men_usmc_66_01;vn_b_men_usmc_66_02;vn_b_men_usmc_66_07;vn_b_men_usmc_66_09;vn_b_men_usmc_66_17;vn_b_men_usmc_66_22;vn_b_men_usmc_68_01;vn_b_men_usmc_68_02;vn_b_men_usmc_68_07;vn_b_men_usmc_68_09;vn_b_men_usmc_68_17;vn_b_men_usmc_68_22;vn_b_men_usmc_recon_66_01;vn_b_men_usmc_recon_68_01;vn_i_men_fank_70_02;vn_i_men_fank_70_07;vn_i_men_fank_70_11;vn_i_men_fank_70_14;vn_i_men_fank_70_19;vn_i_men_fank_71_02;vn_i_men_fank_71_07;vn_i_men_fank_71_11;vn_i_men_fank_71_14;vn_i_men_fank_71_19;vn_i_men_rla_25,Official CfgWeapons equipment uniform record.
uniform,vn_b_uniform_macv_02_02,BDU MACV 2 (Tiger),,1.0,CfgWeapons_Equipment,https://wiki.sogpf.com/index.php?title=CfgWeapons_Equipment&action=raw,WEST,vn_b_men_aircrew_17;vn_b_men_aircrew_18;vn_b_men_aircrew_19;vn_b_men_aircrew_20;vn_b_men_seal_43;vn_b_men_sf_02;vn_b_men_sf_14;vn_b_men_sf_20,Official CfgWeapons equipment uniform record.
uniform,vn_b_uniform_macv_02_05,BDU MACV 2 (Tiger green),,1.0,CfgWeapons_Equipment,https://wiki.sogpf.com/index.php?title=CfgWeapons_Equipment&action=raw,INDEPENDENT,vn_i_men_marine_02;vn_i_men_marine_07;vn_i_men_marine_11;vn_i_men_marine_14;vn_i_men_marine_19;vn_i_men_marine_25;vn_i_men_sf_07;vn_i_men_sf_11,Official CfgWeapons equipment uniform record.
uniform,vn_b_uniform_macv_02_06,BDU MACV 2 (ERDL/brown),,1.0,CfgWeapons_Equipment,https://wiki.sogpf.com/index.php?title=CfgWeapons_Equipment&action=raw,WEST,vn_b_men_lrrp_02;vn_b_men_seal_24;vn_b_men_seal_38,Official CfgWeapons equipment uniform record.
uniform,vn_b_uniform_macv_02_07,BDU MACV 2 (Olive),,1.0,CfgWeapons_Equipment,https://wiki.sogpf.com/index.php?title=CfgWeapons_Equipment&action=raw,INDEPENDENT,vn_i_men_army_02;vn_i_men_army_07;vn_i_men_army_11;vn_i_men_army_14;vn_i_men_army_19;vn_i_men_rla_07;vn_i_men_rla_11;vn_i_men_rla_14;vn_i_men_rla_19,Official CfgWeapons equipment uniform record.
uniform,vn_b_uniform_macv_02_08,BDU MACV 2 (Leopard),,1.0,CfgWeapons_Equipment,https://wiki.sogpf.com/index.php?title=CfgWeapons_Equipment&action=raw,WEST,vn_b_men_cidg_02;vn_b_men_cidg_08;vn_b_men_cidg_14;vn_b_men_cidg_20,Official CfgWeapons equipment uniform record.
uniform,vn_b_uniform_macv_02_15,BDU MACV 2 (ERDL),,1.2,CfgWeapons_Equipment,https://wiki.sogpf.com/index.php?title=CfgWeapons_Equipment&action=raw,WEST,vn_b_men_aus_sas_66_04;vn_b_men_aus_sas_70_04;vn_b_men_nz_sas_66_04;vn_b_men_nz_sas_66_05;vn_b_men_nz_sas_66_11;vn_b_men_nz_sas_70_04;vn_b_men_sf_07;vn_b_men_usmc_70_01;vn_b_men_usmc_70_02;vn_b_men_usmc_70_07;vn_b_men_usmc_70_09;vn_b_men_usmc_70_17;vn_b_men_usmc_70_22;vn_b_men_usmc_recon_70_01;vn_b_men_usmc_recon_70_07,Official CfgWeapons equipment uniform record.
uniform,vn_b_uniform_macv_02_16,BDU RLA 2 (Lizard),,1.2,CfgWeapons_Equipment,https://wiki.sogpf.com/index.php?title=CfgWeapons_Equipment&action=raw,INDEPENDENT,vn_i_men_rla_02,Official CfgWeapons equipment uniform record.
uniform,vn_b_uniform_macv_02_17,BDU ARVN 2 (BDQ),,1.2,CfgWeapons_Equipment,https://wiki.sogpf.com/index.php?title=CfgWeapons_Equipment&action=raw,INDEPENDENT,vn_i_men_ranger_02;vn_i_men_ranger_07;vn_i_men_ranger_10;vn_i_men_ranger_14;vn_i_men_ranger_18;vn_i_men_ranger_19,Official CfgWeapons equipment uniform record.
uniform,vn_b_uniform_macv_02_18,BDU ROK 2 (Frog),,1.2,CfgWeapons_Equipment,https://wiki.sogpf.com/index.php?title=CfgWeapons_Equipment&action=raw,WEST,vn_b_men_rok_marine_68_02;vn_b_men_rok_marine_68_07;vn_b_men_rok_marine_68_09;vn_b_men_rok_marine_68_11,Official CfgWeapons equipment uniform record.
uniform,vn_b_uniform_macv_03_01,BDU MACV 3 (Olive/ field),,1.0,CfgWeapons_Equipment,https://wiki.sogpf.com/index.php?title=CfgWeapons_Equipment&action=raw,WEST;INDEPENDENT,vn_b_men_army_03;vn_b_men_army_14;vn_b_men_army_19;vn_b_men_rok_army_65_03;vn_b_men_rok_army_65_14;vn_b_men_rok_army_65_19;vn_b_men_rok_army_68_03;vn_b_men_rok_army_68_14;vn_b_men_rok_army_68_19;vn_b_men_rok_marine_65_03;vn_b_men_rok_marine_65_14;vn_b_men_rok_marine_65_19;vn_b_men_seal_49;vn_b_men_usmc_66_03;vn_b_men_usmc_66_10;vn_b_men_usmc_66_14;vn_b_men_usmc_66_19;vn_b_men_usmc_66_23;vn_b_men_usmc_68_03;vn_b_men_usmc_68_10;vn_b_men_usmc_68_14;vn_b_men_usmc_68_19;vn_b_men_usmc_68_23;vn_b_men_usmc_recon_66_02;vn_b_men_usmc_recon_68_02;vn_i_men_fank_70_03;vn_i_men_fank_71_03,Official CfgWeapons equipment uniform record.
uniform,vn_b_uniform_macv_03_02,BDU MACV 3 (Tiger),,1.0,CfgWeapons_Equipment,https://wiki.sogpf.com/index.php?title=CfgWeapons_Equipment&action=raw,WEST,vn_b_men_seal_44;vn_b_men_sf_03;vn_b_men_sf_12;vn_b_men_sf_15;vn_b_men_sf_17,Official CfgWeapons equipment uniform record.
uniform,vn_b_uniform_macv_03_05,BDU MACV 3 (Tiger green),,1.0,CfgWeapons_Equipment,https://wiki.sogpf.com/index.php?title=CfgWeapons_Equipment&action=raw,INDEPENDENT,vn_i_men_marine_03;vn_i_men_marine_10;vn_i_men_marine_17;vn_i_men_sf_03;vn_i_men_sf_09,Official CfgWeapons equipment uniform record.
uniform,vn_b_uniform_macv_03_06,BDU MACV 3 (ERDL/brown),,1.0,CfgWeapons_Equipment,https://wiki.sogpf.com/index.php?title=CfgWeapons_Equipment&action=raw,WEST,vn_b_men_lrrp_03;vn_b_men_seal_25;vn_b_men_seal_39,Official CfgWeapons equipment uniform record.
uniform,vn_b_uniform_macv_03_07,BDU MACV 3 (Olive),,1.0,CfgWeapons_Equipment,https://wiki.sogpf.com/index.php?title=CfgWeapons_Equipment&action=raw,WEST;INDEPENDENT,vn_b_men_navy_03;vn_i_men_army_03,Official CfgWeapons equipment uniform record.
uniform,vn_b_uniform_macv_03_08,BDU MACV 3 (Leopard),,1.0,CfgWeapons_Equipment,https://wiki.sogpf.com/index.php?title=CfgWeapons_Equipment&action=raw,WEST,vn_b_men_cidg_03;vn_b_men_cidg_10;vn_b_men_cidg_12;vn_b_men_cidg_15;vn_b_men_cidg_17,Official CfgWeapons equipment uniform record.
uniform,vn_b_uniform_macv_03_15,BDU MACV 3 (ERDL),,1.2,CfgWeapons_Equipment,https://wiki.sogpf.com/index.php?title=CfgWeapons_Equipment&action=raw,WEST,vn_b_men_sf_08;vn_b_men_usmc_70_03;vn_b_men_usmc_70_10;vn_b_men_usmc_70_14;vn_b_men_usmc_70_19;vn_b_men_usmc_70_23;vn_b_men_usmc_recon_70_02,Official CfgWeapons equipment uniform record.
uniform,vn_b_uniform_macv_03_16,BDU RLA 3 (Lizard),,1.2,CfgWeapons_Equipment,https://wiki.sogpf.com/index.php?title=CfgWeapons_Equipment&action=raw,INDEPENDENT,vn_i_men_rla_03,Official CfgWeapons equipment uniform record.
uniform,vn_b_uniform_macv_03_17,BDU ARVN 3 (BDQ),,1.2,CfgWeapons_Equipment,https://wiki.sogpf.com/index.php?title=CfgWeapons_Equipment&action=raw,INDEPENDENT,vn_i_men_ranger_03;vn_i_men_ranger_11,Official CfgWeapons equipment uniform record.
uniform,vn_b_uniform_macv_03_18,BDU ROK 3 (Frog),,1.2,CfgWeapons_Equipment,https://wiki.sogpf.com/index.php?title=CfgWeapons_Equipment&action=raw,WEST,vn_b_men_rok_marine_68_03;vn_b_men_rok_marine_68_14;vn_b_men_rok_marine_68_19,Official CfgWeapons equipment uniform record.
uniform,vn_b_uniform_macv_04_01,BDU MACV 4 (Olive/ field),,1.0,CfgWeapons_Equipment,https://wiki.sogpf.com/index.php?title=CfgWeapons_Equipment&action=raw,WEST;INDEPENDENT,vn_b_men_army_04;vn_b_men_army_05;vn_b_men_army_13;vn_b_men_army_15;vn_b_men_army_20;vn_b_men_army_31;vn_b_men_rok_army_65_04;vn_b_men_rok_army_65_05;vn_b_men_rok_army_65_13;vn_b_men_rok_army_65_15;vn_b_men_rok_army_65_20;vn_b_men_rok_army_65_31;vn_b_men_rok_army_68_04;vn_b_men_rok_army_68_05;vn_b_men_rok_army_68_13;vn_b_men_rok_army_68_15;vn_b_men_rok_army_68_20;vn_b_men_rok_army_68_31;vn_b_men_rok_marine_65_04;vn_b_men_rok_marine_65_05;vn_b_men_rok_marine_65_13;vn_b_men_rok_marine_65_15;vn_b_men_rok_marine_65_20;vn_b_men_rok_marine_65_31;vn_b_men_seal_50;vn_b_men_usmc_66_04;vn_b_men_usmc_66_05;vn_b_men_usmc_66_11;vn_b_men_usmc_66_15;vn_b_men_usmc_66_20;vn_b_men_usmc_66_24;vn_b_men_usmc_66_28;vn_b_men_usmc_68_04;vn_b_men_usmc_68_05;vn_b_men_usmc_68_11;vn_b_men_usmc_68_15;vn_b_men_usmc_68_20;vn_b_men_usmc_68_24;vn_b_men_usmc_68_28;vn_b_men_usmc_recon_66_03;vn_b_men_usmc_recon_66_08;vn_b_men_usmc_recon_68_03;vn_b_men_usmc_recon_68_08;vn_i_men_army_26;vn_i_men_fank_70_04;vn_i_men_fank_70_13;vn_i_men_fank_70_15;vn_i_men_fank_70_26;vn_i_men_fank_71_04;vn_i_men_fank_71_13;vn_i_men_fank_71_15;vn_i_men_fank_71_26;vn_i_men_rla_22,Official CfgWeapons equipment uniform record.
uniform,vn_b_uniform_macv_04_02,BDU MACV 4 (Tiger),,1.0,CfgWeapons_Equipment,https://wiki.sogpf.com/index.php?title=CfgWeapons_Equipment&action=raw,WEST,vn_b_men_seal_45;vn_b_men_sf_04;vn_b_men_sf_19,Official CfgWeapons equipment uniform record.
uniform,vn_b_uniform_macv_04_05,BDU MACV 4 (Tiger green),,1.0,CfgWeapons_Equipment,https://wiki.sogpf.com/index.php?title=CfgWeapons_Equipment&action=raw,INDEPENDENT,vn_i_men_marine_04;vn_i_men_marine_13;vn_i_men_marine_15;vn_i_men_sf_04;vn_i_men_sf_10,Official CfgWeapons equipment uniform record.
uniform,vn_b_uniform_macv_04_06,BDU MACV 4 (ERDL/brown),,1.0,CfgWeapons_Equipment,https://wiki.sogpf.com/index.php?title=CfgWeapons_Equipment&action=raw,WEST,vn_b_men_lrrp_04;vn_b_men_lrrp_06;vn_b_men_seal_26;vn_b_men_seal_40,Official CfgWeapons equipment uniform record.
uniform,vn_b_uniform_macv_04_07,BDU MACV 4 (Olive),,1.0,CfgWeapons_Equipment,https://wiki.sogpf.com/index.php?title=CfgWeapons_Equipment&action=raw,WEST;INDEPENDENT,vn_b_men_navy_04;vn_i_men_army_04;vn_i_men_army_13;vn_i_men_army_15;vn_i_men_rla_13;vn_i_men_rla_15,Official CfgWeapons equipment uniform record.
uniform,vn_b_uniform_macv_04_08,BDU MACV 4 (Leopard),,1.0,CfgWeapons_Equipment,https://wiki.sogpf.com/index.php?title=CfgWeapons_Equipment&action=raw,WEST,vn_b_men_cidg_04;vn_b_men_cidg_07;vn_b_men_cidg_11;vn_b_men_cidg_19,Official CfgWeapons equipment uniform record.
uniform,vn_b_uniform_macv_04_15,BDU MACV 4 (ERDL),,1.2,CfgWeapons_Equipment,https://wiki.sogpf.com/index.php?title=CfgWeapons_Equipment&action=raw,WEST,vn_b_men_sf_09;vn_b_men_usmc_70_04;vn_b_men_usmc_70_05;vn_b_men_usmc_70_11;vn_b_men_usmc_70_15;vn_b_men_usmc_70_20;vn_b_men_usmc_70_24;vn_b_men_usmc_70_28;vn_b_men_usmc_recon_70_03;vn_b_men_usmc_recon_70_08,Official CfgWeapons equipment uniform record.
uniform,vn_b_uniform_macv_04_16,BDU RLA 4 (Lizard),,1.2,CfgWeapons_Equipment,https://wiki.sogpf.com/index.php?title=CfgWeapons_Equipment&action=raw,INDEPENDENT,vn_i_men_rla_04,Official CfgWeapons equipment uniform record.
uniform,vn_b_uniform_macv_04_17,BDU ARVN 4 (BDQ),,1.2,CfgWeapons_Equipment,https://wiki.sogpf.com/index.php?title=CfgWeapons_Equipment&action=raw,INDEPENDENT,vn_i_men_ranger_04;vn_i_men_ranger_13;vn_i_men_ranger_15;vn_i_men_ranger_22,Official CfgWeapons equipment uniform record.
uniform,vn_b_uniform_macv_04_18,BDU ROK 4 (Frog),,1.2,CfgWeapons_Equipment,https://wiki.sogpf.com/index.php?title=CfgWeapons_Equipment&action=raw,WEST,vn_b_men_rok_marine_68_04;vn_b_men_rok_marine_68_13;vn_b_men_rok_marine_68_15;vn_b_men_rok_marine_68_20;vn_b_men_rok_marine_68_31,Official CfgWeapons equipment uniform record.
uniform,vn_b_uniform_macv_04_20,BDU MACV 4 (Tiger/ base),,1.0,CfgWeapons_Equipment,https://wiki.sogpf.com/index.php?title=CfgWeapons_Equipment&action=raw,WEST,vn_b_men_sog_24;vn_b_men_sog_25;vn_b_men_sog_26;vn_b_men_sog_27,Official CfgWeapons equipment uniform record.
uniform,vn_b_uniform_macv_04_21,BDU MACV 4 (ERDL/ base),,1.0,CfgWeapons_Equipment,https://wiki.sogpf.com/index.php?title=CfgWeapons_Equipment&action=raw,WEST,vn_b_men_sog_23,Official CfgWeapons equipment uniform record.
uniform,vn_b_uniform_macv_05_01,BDU MACV 5 (Olive/ field),,1.0,CfgWeapons_Equipment,https://wiki.sogpf.com/index.php?title=CfgWeapons_Equipment&action=raw,WEST;INDEPENDENT,vn_b_men_army_06;vn_b_men_army_08;vn_b_men_army_12;vn_b_men_army_17;vn_b_men_rok_army_65_06;vn_b_men_rok_army_65_08;vn_b_men_rok_army_65_12;vn_b_men_rok_army_65_17;vn_b_men_rok_army_68_06;vn_b_men_rok_army_68_08;vn_b_men_rok_army_68_12;vn_b_men_rok_army_68_17;vn_b_men_rok_marine_65_06;vn_b_men_rok_marine_65_08;vn_b_men_rok_marine_65_12;vn_b_men_rok_marine_65_17;vn_b_men_seal_51;vn_b_men_usmc_66_06;vn_b_men_usmc_66_08;vn_b_men_usmc_66_12;vn_b_men_usmc_66_16;vn_b_men_usmc_66_25;vn_b_men_usmc_68_06;vn_b_men_usmc_68_08;vn_b_men_usmc_68_12;vn_b_men_usmc_68_16;vn_b_men_usmc_68_25;vn_b_men_usmc_recon_66_04;vn_b_men_usmc_recon_66_05;vn_b_men_usmc_recon_66_06;vn_b_men_usmc_recon_66_07;vn_b_men_usmc_recon_68_04;vn_b_men_usmc_recon_68_05;vn_b_men_usmc_recon_68_06;vn_b_men_usmc_recon_68_07;vn_i_men_fank_70_05;vn_i_men_fank_70_08;vn_i_men_fank_70_20;vn_i_men_fank_71_05;vn_i_men_fank_71_08;vn_i_men_fank_71_20,Official CfgWeapons equipment uniform record.
uniform,vn_b_uniform_macv_05_02,BDU MACV 5 (Tiger),,1.0,CfgWeapons_Equipment,https://wiki.sogpf.com/index.php?title=CfgWeapons_Equipment&action=raw,WEST,vn_b_men_lrrp_07;vn_b_men_seal_46;vn_b_men_sf_05,Official CfgWeapons equipment uniform record.
uniform,vn_b_uniform_macv_05_05,BDU MACV 5 (Tiger green),,1.0,CfgWeapons_Equipment,https://wiki.sogpf.com/index.php?title=CfgWeapons_Equipment&action=raw,INDEPENDENT,vn_i_men_marine_05;vn_i_men_marine_08;vn_i_men_marine_20;vn_i_men_marine_24;vn_i_men_sf_05;vn_i_men_sf_08,Official CfgWeapons equipment uniform record.
uniform,vn_b_uniform_macv_05_06,BDU MACV 5 (ERDL/brown),,1.0,CfgWeapons_Equipment,https://wiki.sogpf.com/index.php?title=CfgWeapons_Equipment&action=raw,WEST,vn_b_men_lrrp_05;vn_b_men_seal_27;vn_b_men_seal_41,Official CfgWeapons equipment uniform record.
uniform,vn_b_uniform_macv_05_07,BDU MACV 5 (Olive),,1.0,CfgWeapons_Equipment,https://wiki.sogpf.com/index.php?title=CfgWeapons_Equipment&action=raw,WEST;INDEPENDENT,vn_b_men_navy_05;vn_b_men_navy_08;vn_i_men_army_05;vn_i_men_army_08;vn_i_men_army_20;vn_i_men_rla_08;vn_i_men_rla_20,Official CfgWeapons equipment uniform record.
uniform,vn_b_uniform_macv_05_08,BDU MACV 5 (Leopard),,1.0,CfgWeapons_Equipment,https://wiki.sogpf.com/index.php?title=CfgWeapons_Equipment&action=raw,WEST,vn_b_men_cidg_05,Official CfgWeapons equipment uniform record.
uniform,vn_b_uniform_macv_05_15,BDU MACV 5 (ERDL),,1.2,CfgWeapons_Equipment,https://wiki.sogpf.com/index.php?title=CfgWeapons_Equipment&action=raw,WEST,vn_b_men_aus_sas_66_07;vn_b_men_aus_sas_66_13;vn_b_men_aus_sas_66_14;vn_b_men_aus_sas_70_07;vn_b_men_aus_sas_70_13;vn_b_men_aus_sas_70_14;vn_b_men_nz_sas_66_07;vn_b_men_nz_sas_66_13;vn_b_men_nz_sas_66_14;vn_b_men_nz_sas_70_07;vn_b_men_nz_sas_70_13;vn_b_men_nz_sas_70_14;vn_b_men_sf_10;vn_b_men_usmc_70_06;vn_b_men_usmc_70_08;vn_b_men_usmc_70_12;vn_b_men_usmc_70_16;vn_b_men_usmc_70_25;vn_b_men_usmc_recon_70_04;vn_b_men_usmc_recon_70_06,Official CfgWeapons equipment uniform record.
uniform,vn_b_uniform_macv_05_16,BDU RLA 5 (Lizard),,1.2,CfgWeapons_Equipment,https://wiki.sogpf.com/index.php?title=CfgWeapons_Equipment&action=raw,INDEPENDENT,vn_i_men_rla_05,Official CfgWeapons equipment uniform record.
uniform,vn_b_uniform_macv_05_17,BDU ARVN 5 (BDQ),,1.2,CfgWeapons_Equipment,https://wiki.sogpf.com/index.php?title=CfgWeapons_Equipment&action=raw,INDEPENDENT,vn_i_men_ranger_05;vn_i_men_ranger_08;vn_i_men_ranger_16;vn_i_men_ranger_20,Official CfgWeapons equipment uniform record.
uniform,vn_b_uniform_macv_05_18,BDU ROK 5 (Frog),,1.2,CfgWeapons_Equipment,https://wiki.sogpf.com/index.php?title=CfgWeapons_Equipment&action=raw,WEST,vn_b_men_rok_marine_68_05;vn_b_men_rok_marine_68_08;vn_b_men_rok_marine_68_12;vn_b_men_rok_marine_68_17,Official CfgWeapons equipment uniform record.
uniform,vn_b_uniform_macv_06_01,BDU MACV 6 (Olive/ field),,1.0,CfgWeapons_Equipment,https://wiki.sogpf.com/index.php?title=CfgWeapons_Equipment&action=raw,WEST;INDEPENDENT,vn_b_men_army_21;vn_b_men_army_26;vn_b_men_army_27;vn_b_men_army_29;vn_b_men_army_30;vn_b_men_rok_army_65_21;vn_b_men_rok_army_65_26;vn_b_men_rok_army_65_27;vn_b_men_rok_army_65_29;vn_b_men_rok_army_65_30;vn_b_men_rok_army_68_21;vn_b_men_rok_army_68_26;vn_b_men_rok_army_68_27;vn_b_men_rok_army_68_29;vn_b_men_rok_army_68_30;vn_b_men_rok_marine_65_21;vn_b_men_rok_marine_65_29;vn_b_men_rok_marine_65_30;vn_b_men_usmc_66_13;vn_b_men_usmc_66_18;vn_b_men_usmc_66_21;vn_b_men_usmc_66_26;vn_b_men_usmc_66_27;vn_b_men_usmc_68_13;vn_b_men_usmc_68_18;vn_b_men_usmc_68_21;vn_b_men_usmc_68_26;vn_b_men_usmc_68_27;vn_b_men_usmc_recon_68_09;vn_i_men_fank_70_21;vn_i_men_fank_71_21;vn_i_men_rla_23;vn_i_men_rla_24,Official CfgWeapons equipment uniform record.
uniform,vn_b_uniform_macv_06_02,BDU MACV 6 (Tiger),,1.0,CfgWeapons_Equipment,https://wiki.sogpf.com/index.php?title=CfgWeapons_Equipment&action=raw,WEST,vn_b_men_lrrp_08;vn_b_men_sf_21;vn_b_men_sf_22,Official CfgWeapons equipment uniform record.
uniform,vn_b_uniform_macv_06_05,BDU MACV 6 (Tiger green),,1.0,CfgWeapons_Equipment,https://wiki.sogpf.com/index.php?title=CfgWeapons_Equipment&action=raw,INDEPENDENT,vn_i_men_marine_06;vn_i_men_marine_21;vn_i_men_marine_22;vn_i_men_marine_23;vn_i_men_sf_02,Official CfgWeapons equipment uniform record.
uniform,vn_b_uniform_macv_06_06,BDU MACV 6 (ERDL/brown),,1.0,CfgWeapons_Equipment,https://wiki.sogpf.com/index.php?title=CfgWeapons_Equipment&action=raw,WEST,vn_b_men_lrrp_09;vn_b_men_sog_22;vn_b_men_usmc_recon_66_09,Official CfgWeapons equipment uniform record.
uniform,vn_b_uniform_macv_06_07,BDU MACV 6 (Olive),,1.0,CfgWeapons_Equipment,https://wiki.sogpf.com/index.php?title=CfgWeapons_Equipment&action=raw,WEST;INDEPENDENT,vn_b_men_navy_06;vn_b_men_navy_07;vn_i_men_army_21;vn_i_men_rla_21,Official CfgWeapons equipment uniform record.
uniform,vn_b_uniform_macv_06_08,BDU MACV 6 (Leopard),,1.0,CfgWeapons_Equipment,https://wiki.sogpf.com/index.php?title=CfgWeapons_Equipment&action=raw,WEST,vn_b_men_cidg_06;vn_b_men_cidg_21;vn_b_men_cidg_22,Official CfgWeapons equipment uniform record.
uniform,vn_b_uniform_macv_06_15,BDU MACV 6 (ERDL),,1.2,CfgWeapons_Equipment,https://wiki.sogpf.com/index.php?title=CfgWeapons_Equipment&action=raw,WEST,vn_b_men_medt_06;vn_b_men_sf_11;vn_b_men_usmc_70_13;vn_b_men_usmc_70_18;vn_b_men_usmc_70_21;vn_b_men_usmc_70_26;vn_b_men_usmc_70_27;vn_b_men_usmc_recon_70_09,Official CfgWeapons equipment uniform record.
uniform,vn_b_uniform_macv_06_16,BDU RLA 6 (Lizard),,1.2,CfgWeapons_Equipment,https://wiki.sogpf.com/index.php?title=CfgWeapons_Equipment&action=raw,INDEPENDENT,vn_i_men_rla_06,Official CfgWeapons equipment uniform record.
uniform,vn_b_uniform_macv_06_17,BDU ARVN 6 (BDQ),,1.2,CfgWeapons_Equipment,https://wiki.sogpf.com/index.php?title=CfgWeapons_Equipment&action=raw,INDEPENDENT,vn_i_men_ranger_06;vn_i_men_ranger_21,Official CfgWeapons equipment uniform record.
uniform,vn_b_uniform_macv_06_18,BDU ROK 6 (Frog),,1.2,CfgWeapons_Equipment,https://wiki.sogpf.com/index.php?title=CfgWeapons_Equipment&action=raw,WEST,vn_b_men_rok_marine_68_06;vn_b_men_rok_marine_68_21;vn_b_men_rok_marine_68_29;vn_b_men_rok_marine_68_30,Official CfgWeapons equipment uniform record.
uniform,vn_b_uniform_nz_01_01,BDU NZ 1 (Olive),,1.2,CfgWeapons_Equipment,https://wiki.sogpf.com/index.php?title=CfgWeapons_Equipment&action=raw,WEST,vn_b_men_nz_army_66_01;vn_b_men_nz_army_66_07;vn_b_men_nz_army_66_17,Official CfgWeapons equipment uniform record.
uniform,vn_b_uniform_nz_02_01,BDU NZ 2 (Olive),,1.2,CfgWeapons_Equipment,https://wiki.sogpf.com/index.php?title=CfgWeapons_Equipment&action=raw,WEST,vn_b_men_nz_army_66_02;vn_b_men_nz_army_66_08;vn_b_men_nz_army_66_18,Official CfgWeapons equipment uniform record.
uniform,vn_b_uniform_nz_03_01,BDU NZ 3 (Olive),,1.2,CfgWeapons_Equipment,https://wiki.sogpf.com/index.php?title=CfgWeapons_Equipment&action=raw,WEST,vn_b_men_nz_army_66_03;vn_b_men_nz_army_66_11;vn_b_men_nz_army_68_05;vn_b_men_nz_army_68_17;vn_b_men_nz_army_70_05;vn_b_men_nz_army_70_17,Official CfgWeapons equipment uniform record.
uniform,vn_b_uniform_nz_04_01,BDU NZ 4 (Olive),,1.2,CfgWeapons_Equipment,https://wiki.sogpf.com/index.php?title=CfgWeapons_Equipment&action=raw,WEST,vn_b_men_nz_army_66_04;vn_b_men_nz_army_66_12;vn_b_men_nz_army_68_06;vn_b_men_nz_army_68_18;vn_b_men_nz_army_70_06;vn_b_men_nz_army_70_18,Official CfgWeapons equipment uniform record.
uniform,vn_b_uniform_nz_05_01,BDU NZ 5 (Olive),,1.2,CfgWeapons_Equipment,https://wiki.sogpf.com/index.php?title=CfgWeapons_Equipment&action=raw,WEST,vn_b_men_nz_army_68_01;vn_b_men_nz_army_68_11;vn_b_men_nz_army_70_01;vn_b_men_nz_army_70_11,Official CfgWeapons equipment uniform record.
uniform,vn_b_uniform_nz_06_01,BDU NZ 6 (Olive),,1.2,CfgWeapons_Equipment,https://wiki.sogpf.com/index.php?title=CfgWeapons_Equipment&action=raw,WEST,vn_b_men_nz_army_68_02;vn_b_men_nz_army_68_12;vn_b_men_nz_army_68_20;vn_b_men_nz_army_70_02;vn_b_men_nz_army_70_12;vn_b_men_nz_army_70_20,Official CfgWeapons equipment uniform record.
uniform,vn_b_uniform_sas_01_06,BDU SAS 1 (ERDL),,1.2,CfgWeapons_Equipment,https://wiki.sogpf.com/index.php?title=CfgWeapons_Equipment&action=raw,WEST,vn_b_men_aus_sas_66_01;vn_b_men_aus_sas_66_10;vn_b_men_aus_sas_70_01;vn_b_men_aus_sas_70_10;vn_b_men_nz_sas_66_01;vn_b_men_nz_sas_66_10;vn_b_men_nz_sas_70_01;vn_b_men_nz_sas_70_10,Official CfgWeapons equipment uniform record.
uniform,vn_b_uniform_sas_02_06,BDU SAS 2 (ERDL),,1.2,CfgWeapons_Equipment,https://wiki.sogpf.com/index.php?title=CfgWeapons_Equipment&action=raw,WEST,vn_b_men_aus_sas_66_02;vn_b_men_aus_sas_66_06;vn_b_men_aus_sas_66_08;vn_b_men_aus_sas_66_12;vn_b_men_aus_sas_70_02;vn_b_men_aus_sas_70_06;vn_b_men_aus_sas_70_08;vn_b_men_aus_sas_70_12;vn_b_men_nz_sas_66_02;vn_b_men_nz_sas_66_06;vn_b_men_nz_sas_66_08;vn_b_men_nz_sas_66_12;vn_b_men_nz_sas_70_02;vn_b_men_nz_sas_70_06;vn_b_men_nz_sas_70_08;vn_b_men_nz_sas_70_12,Official CfgWeapons equipment uniform record.
uniform,vn_b_uniform_sas_03_06,BDU SAS 3 (ERDL),,1.2,CfgWeapons_Equipment,https://wiki.sogpf.com/index.php?title=CfgWeapons_Equipment&action=raw,WEST,vn_b_men_aus_sas_66_03;vn_b_men_aus_sas_66_09;vn_b_men_aus_sas_70_03;vn_b_men_aus_sas_70_09;vn_b_men_nz_sas_66_03;vn_b_men_nz_sas_66_09;vn_b_men_nz_sas_70_03;vn_b_men_nz_sas_70_09,Official CfgWeapons equipment uniform record.
uniform,vn_b_uniform_seal_01_01,Uniform SEAL 1 (Olive Dirty),,1.1,CfgWeapons_Equipment,https://wiki.sogpf.com/index.php?title=CfgWeapons_Equipment&action=raw,WEST,vn_b_men_aircrew_40;vn_b_men_seal_01,Official CfgWeapons equipment uniform record.
uniform,vn_b_uniform_seal_01_02,Uniform SEAL 1 (Tiger),,1.1,CfgWeapons_Equipment,https://wiki.sogpf.com/index.php?title=CfgWeapons_Equipment&action=raw,WEST,vn_b_men_seal_02,Official CfgWeapons equipment uniform record.
uniform,vn_b_uniform_seal_01_05,Uniform SEAL 1 (Tiger Green),,1.1,CfgWeapons_Equipment,https://wiki.sogpf.com/index.php?title=CfgWeapons_Equipment&action=raw,WEST,vn_b_men_seal_03,Official CfgWeapons equipment uniform record.
uniform,vn_b_uniform_seal_01_06,Uniform SEAL 1 (ERDL),,1.1,CfgWeapons_Equipment,https://wiki.sogpf.com/index.php?title=CfgWeapons_Equipment&action=raw,WEST,vn_b_men_seal_04,Official CfgWeapons equipment uniform record.
uniform,vn_b_uniform_seal_01_07,Uniform SEAL 1 (Olive),,1.1,CfgWeapons_Equipment,https://wiki.sogpf.com/index.php?title=CfgWeapons_Equipment&action=raw,WEST,vn_b_men_seal_05,Official CfgWeapons equipment uniform record.
uniform,vn_b_uniform_seal_02_01,Uniform SEAL 2 (Olive Dirty),,1.1,CfgWeapons_Equipment,https://wiki.sogpf.com/index.php?title=CfgWeapons_Equipment&action=raw,WEST,vn_b_men_aircrew_39;vn_b_men_seal_06,Official CfgWeapons equipment uniform record.
uniform,vn_b_uniform_seal_02_02,Uniform SEAL 2 (Tiger),,1.1,CfgWeapons_Equipment,https://wiki.sogpf.com/index.php?title=CfgWeapons_Equipment&action=raw,WEST,vn_b_men_seal_07,Official CfgWeapons equipment uniform record.
uniform,vn_b_uniform_seal_02_05,Uniform SEAL 2 (Tiger Green),,1.1,CfgWeapons_Equipment,https://wiki.sogpf.com/index.php?title=CfgWeapons_Equipment&action=raw,WEST,vn_b_men_seal_08,Official CfgWeapons equipment uniform record.
uniform,vn_b_uniform_seal_02_06,Uniform SEAL 2 (ERDL),,1.1,CfgWeapons_Equipment,https://wiki.sogpf.com/index.php?title=CfgWeapons_Equipment&action=raw,WEST,vn_b_men_seal_09,Official CfgWeapons equipment uniform record.
uniform,vn_b_uniform_seal_02_07,Uniform SEAL 2 (Olive),,1.1,CfgWeapons_Equipment,https://wiki.sogpf.com/index.php?title=CfgWeapons_Equipment&action=raw,WEST,vn_b_men_seal_10,Official CfgWeapons equipment uniform record.
uniform,vn_b_uniform_seal_03_01,Uniform SEAL 3 (Blue),,1.1,CfgWeapons_Equipment,https://wiki.sogpf.com/index.php?title=CfgWeapons_Equipment&action=raw,WEST,vn_b_men_seal_11,Official CfgWeapons equipment uniform record.
uniform,vn_b_uniform_seal_04_01,Uniform SEAL 4 (Blue),,1.1,CfgWeapons_Equipment,https://wiki.sogpf.com/index.php?title=CfgWeapons_Equipment&action=raw,WEST,vn_b_men_seal_12,Official CfgWeapons equipment uniform record.
uniform,vn_b_uniform_seal_05_01,Uniform SEAL 5 (Olive Dirty),,1.1,CfgWeapons_Equipment,https://wiki.sogpf.com/index.php?title=CfgWeapons_Equipment&action=raw,WEST,vn_b_men_seal_13,Official CfgWeapons equipment uniform record.
uniform,vn_b_uniform_seal_05_02,Uniform SEAL 5 (Tiger),,1.1,CfgWeapons_Equipment,https://wiki.sogpf.com/index.php?title=CfgWeapons_Equipment&action=raw,WEST,vn_b_men_seal_14,Official CfgWeapons equipment uniform record.
uniform,vn_b_uniform_seal_05_05,Uniform SEAL 5 (Tiger Green),,1.1,CfgWeapons_Equipment,https://wiki.sogpf.com/index.php?title=CfgWeapons_Equipment&action=raw,WEST,vn_b_men_seal_15,Official CfgWeapons equipment uniform record.
uniform,vn_b_uniform_seal_05_06,Uniform SEAL 5 (ERDL),,1.1,CfgWeapons_Equipment,https://wiki.sogpf.com/index.php?title=CfgWeapons_Equipment&action=raw,WEST,vn_b_men_seal_16,Official CfgWeapons equipment uniform record.
uniform,vn_b_uniform_seal_05_07,Uniform SEAL 5 (Olive),,1.1,CfgWeapons_Equipment,https://wiki.sogpf.com/index.php?title=CfgWeapons_Equipment&action=raw,WEST,vn_b_men_seal_17,Official CfgWeapons equipment uniform record.
uniform,vn_b_uniform_seal_06_01,Uniform SEAL 6 (Olive Dirty),,1.1,CfgWeapons_Equipment,https://wiki.sogpf.com/index.php?title=CfgWeapons_Equipment&action=raw,WEST,vn_b_men_seal_18,Official CfgWeapons equipment uniform record.
uniform,vn_b_uniform_seal_06_02,Uniform SEAL 6 (Tiger),,1.1,CfgWeapons_Equipment,https://wiki.sogpf.com/index.php?title=CfgWeapons_Equipment&action=raw,WEST,vn_b_men_seal_19,Official CfgWeapons equipment uniform record.
uniform,vn_b_uniform_seal_06_05,Uniform SEAL 6 (Tiger Green),,1.1,CfgWeapons_Equipment,https://wiki.sogpf.com/index.php?title=CfgWeapons_Equipment&action=raw,WEST,vn_b_men_seal_20,Official CfgWeapons equipment uniform record.
uniform,vn_b_uniform_seal_06_06,Uniform SEAL 6 (ERDL),,1.1,CfgWeapons_Equipment,https://wiki.sogpf.com/index.php?title=CfgWeapons_Equipment&action=raw,WEST,vn_b_men_seal_21,Official CfgWeapons equipment uniform record.
uniform,vn_b_uniform_seal_06_07,Uniform SEAL 6 (Olive),,1.1,CfgWeapons_Equipment,https://wiki.sogpf.com/index.php?title=CfgWeapons_Equipment&action=raw,WEST,vn_b_men_seal_22,Official CfgWeapons equipment uniform record.
uniform,vn_b_uniform_seal_07_01,Uniform UDT 1 (Blue/ Khaki),,1.1,CfgWeapons_Equipment,https://wiki.sogpf.com/index.php?title=CfgWeapons_Equipment&action=raw,WEST,vn_b_men_seal_28,Official CfgWeapons equipment uniform record.
uniform,vn_b_uniform_seal_07_02,Uniform UDT 1 (Blue/ Tiger),,1.1,CfgWeapons_Equipment,https://wiki.sogpf.com/index.php?title=CfgWeapons_Equipment&action=raw,WEST,vn_b_men_seal_29,Official CfgWeapons equipment uniform record.
uniform,vn_b_uniform_seal_07_03,Uniform UDT 1 (Yellow/ Khaki),,1.1,CfgWeapons_Equipment,https://wiki.sogpf.com/index.php?title=CfgWeapons_Equipment&action=raw,WEST,vn_b_men_seal_30,Official CfgWeapons equipment uniform record.
uniform,vn_b_uniform_seal_07_04,Uniform UDT 1 (Yellow/ Tiger),,1.1,CfgWeapons_Equipment,https://wiki.sogpf.com/index.php?title=CfgWeapons_Equipment&action=raw,WEST,vn_b_men_seal_31,Official CfgWeapons equipment uniform record.
uniform,vn_b_uniform_seal_08_01,Uniform UDT 2 (Blue/ Khaki),,1.1,CfgWeapons_Equipment,https://wiki.sogpf.com/index.php?title=CfgWeapons_Equipment&action=raw,WEST,vn_b_men_seal_32,Official CfgWeapons equipment uniform record.
uniform,vn_b_uniform_seal_08_02,Uniform UDT 2 (Blue/ Tiger),,1.1,CfgWeapons_Equipment,https://wiki.sogpf.com/index.php?title=CfgWeapons_Equipment&action=raw,WEST,vn_b_men_seal_33,Official CfgWeapons equipment uniform record.
uniform,vn_b_uniform_seal_08_03,Uniform UDT 2 (Yellow/ Khaki),,1.1,CfgWeapons_Equipment,https://wiki.sogpf.com/index.php?title=CfgWeapons_Equipment&action=raw,WEST,vn_b_men_seal_34,Official CfgWeapons equipment uniform record.
uniform,vn_b_uniform_seal_08_04,Uniform UDT 2 (Yellow/ Tiger),,1.1,CfgWeapons_Equipment,https://wiki.sogpf.com/index.php?title=CfgWeapons_Equipment&action=raw,WEST,vn_b_men_seal_35,Official CfgWeapons equipment uniform record.
uniform,vn_b_uniform_seal_09_01,Uniform UDT 3 (Beaver Wetsuit),,1.1,CfgWeapons_Equipment,https://wiki.sogpf.com/index.php?title=CfgWeapons_Equipment&action=raw,WEST,vn_b_men_seal_36,Official CfgWeapons equipment uniform record.
uniform,vn_b_uniform_sog_01_01,BDU SOG 1 (Olive),,1.0,CfgWeapons_Equipment,https://wiki.sogpf.com/index.php?title=CfgWeapons_Equipment&action=raw,WEST,vn_b_men_sog_04;vn_b_men_sog_17,Official CfgWeapons equipment uniform record.
uniform,vn_b_uniform_sog_01_02,BDU SOG 1 (Tiger),,1.0,CfgWeapons_Equipment,https://wiki.sogpf.com/index.php?title=CfgWeapons_Equipment&action=raw,WEST,vn_b_men_sog_05;vn_b_men_sog_18,Official CfgWeapons equipment uniform record.
uniform,vn_b_uniform_sog_01_03,BDU SOG 1 (Black),,1.0,CfgWeapons_Equipment,https://wiki.sogpf.com/index.php?title=CfgWeapons_Equipment&action=raw,WEST,vn_b_men_sog_06,Official CfgWeapons equipment uniform record.
uniform,vn_b_uniform_sog_01_04,BDU SOG 1 (Spray),,1.0,CfgWeapons_Equipment,https://wiki.sogpf.com/index.php?title=CfgWeapons_Equipment&action=raw,WEST,vn_b_men_sog_01,Official CfgWeapons equipment uniform record.
uniform,vn_b_uniform_sog_01_05,BDU SOG 1 (Tiger/ black),,1.0,CfgWeapons_Equipment,https://wiki.sogpf.com/index.php?title=CfgWeapons_Equipment&action=raw,WEST,vn_b_men_sog_14;vn_b_men_sog_29,Official CfgWeapons equipment uniform record.
uniform,vn_b_uniform_sog_01_06,BDU SOG 1 (Spray/ black),,1.0,CfgWeapons_Equipment,https://wiki.sogpf.com/index.php?title=CfgWeapons_Equipment&action=raw,WEST,vn_b_men_sog_03,Official CfgWeapons equipment uniform record.
uniform,vn_b_uniform_sog_02_01,BDU SOG 2 (Olive),,1.0,CfgWeapons_Equipment,https://wiki.sogpf.com/index.php?title=CfgWeapons_Equipment&action=raw,WEST,vn_b_men_sog_07;vn_b_men_sog_12;vn_b_men_sog_19;vn_b_men_sog_28,Official CfgWeapons equipment uniform record.
uniform,vn_b_uniform_sog_02_02,BDU SOG 2 (Tiger),,1.0,CfgWeapons_Equipment,https://wiki.sogpf.com/index.php?title=CfgWeapons_Equipment&action=raw,WEST,vn_b_men_sog_08;vn_b_men_sog_21,Official CfgWeapons equipment uniform record.
uniform,vn_b_uniform_sog_02_03,BDU SOG 2 (Black),,1.0,CfgWeapons_Equipment,https://wiki.sogpf.com/index.php?title=CfgWeapons_Equipment&action=raw,WEST,vn_b_men_sog_09,Official CfgWeapons equipment uniform record.
uniform,vn_b_uniform_sog_02_04,BDU SOG 2 (Spray),,1.0,CfgWeapons_Equipment,https://wiki.sogpf.com/index.php?title=CfgWeapons_Equipment&action=raw,WEST,vn_b_men_sog_13;vn_b_men_sog_31,Official CfgWeapons equipment uniform record.
uniform,vn_b_uniform_sog_02_05,BDU SOG 2 (Tiger/ black),,1.0,CfgWeapons_Equipment,https://wiki.sogpf.com/index.php?title=CfgWeapons_Equipment&action=raw,WEST,vn_b_men_sog_02;vn_b_men_sog_20,Official CfgWeapons equipment uniform record.
uniform,vn_b_uniform_sog_02_06,BDU SOG 2 (Spray/black),,1.0,CfgWeapons_Equipment,https://wiki.sogpf.com/index.php?title=CfgWeapons_Equipment&action=raw,WEST,vn_b_men_sog_15;vn_b_men_sog_30,Official CfgWeapons equipment uniform record.
uniform,vn_o_uniform_basecharacter_01,Underwear,,1.0,CfgWeapons_Equipment,https://wiki.sogpf.com/index.php?title=CfgWeapons_Equipment&action=raw,,vn_basecharacter_02,Official CfgWeapons equipment uniform record.
uniform,vn_o_uniform_nva_air_01,PAVN Pilot Uniform,,1.0,CfgWeapons_Equipment,https://wiki.sogpf.com/index.php?title=CfgWeapons_Equipment&action=raw,EAST,vn_o_men_aircrew_05;vn_o_men_aircrew_06;vn_o_men_aircrew_07;vn_o_men_aircrew_08,Official CfgWeapons equipment uniform record.
uniform,vn_o_uniform_nva_army_01_01,NVA 65 Uniform 1,,1.0,CfgWeapons_Equipment,https://wiki.sogpf.com/index.php?title=CfgWeapons_Equipment&action=raw,EAST,vn_o_men_nva_65_01;vn_o_men_nva_65_07;vn_o_men_nva_65_13;vn_o_men_nva_65_37,Official CfgWeapons equipment uniform record.
uniform,vn_o_uniform_nva_army_01_02,NVA 65 Uniform 1 (Field),,1.0,CfgWeapons_Equipment,https://wiki.sogpf.com/index.php?title=CfgWeapons_Equipment&action=raw,EAST,vn_o_men_nva_65_15;vn_o_men_nva_65_21;vn_o_men_nva_65_38,Official CfgWeapons equipment uniform record.
uniform,vn_o_uniform_nva_army_01_03,NVA Uniform 1,,1.0,CfgWeapons_Equipment,https://wiki.sogpf.com/index.php?title=CfgWeapons_Equipment&action=raw,EAST,vn_o_men_aircrew_01;vn_o_men_aircrew_02;vn_o_men_aircrew_03;vn_o_men_aircrew_04;vn_o_men_nva_01,Official CfgWeapons equipment uniform record.
uniform,vn_o_uniform_nva_army_01_04,NVA Uniform 1 (Field),,1.0,CfgWeapons_Equipment,https://wiki.sogpf.com/index.php?title=CfgWeapons_Equipment&action=raw,EAST,vn_o_men_nva_15,Official CfgWeapons equipment uniform record.
uniform,vn_o_uniform_nva_army_02_01,NVA 65 Uniform 2,,1.0,CfgWeapons_Equipment,https://wiki.sogpf.com/index.php?title=CfgWeapons_Equipment&action=raw,EAST,vn_o_men_nva_65_02;vn_o_men_nva_65_08;vn_o_men_nva_65_14;vn_o_men_nva_65_29;vn_o_men_nva_65_30;vn_o_men_nva_65_31;vn_o_men_nva_65_35,Official CfgWeapons equipment uniform record.
uniform,vn_o_uniform_nva_army_02_02,NVA 65 Uniform 2 (Field),,1.0,CfgWeapons_Equipment,https://wiki.sogpf.com/index.php?title=CfgWeapons_Equipment&action=raw,EAST,vn_o_men_nva_65_16;vn_o_men_nva_65_22;vn_o_men_nva_65_39,Official CfgWeapons equipment uniform record.
uniform,vn_o_uniform_nva_army_02_03,NVA Uniform 2,,1.0,CfgWeapons_Equipment,https://wiki.sogpf.com/index.php?title=CfgWeapons_Equipment&action=raw,EAST,vn_o_men_nva_02;vn_o_men_nva_37;vn_o_men_pl_18,Official CfgWeapons equipment uniform record.
uniform,vn_o_uniform_nva_army_02_04,NVA Uniform 2 (Field),,1.0,CfgWeapons_Equipment,https://wiki.sogpf.com/index.php?title=CfgWeapons_Equipment&action=raw,EAST,vn_o_men_nva_16,Official CfgWeapons equipment uniform record.
uniform,vn_o_uniform_nva_army_03_01,NVA 65 Uniform 3,,1.0,CfgWeapons_Equipment,https://wiki.sogpf.com/index.php?title=CfgWeapons_Equipment&action=raw,EAST,vn_o_men_nva_65_03;vn_o_men_nva_65_09,Official CfgWeapons equipment uniform record.
uniform,vn_o_uniform_nva_army_03_02,NVA 65 Uniform 3 (Field),,1.0,CfgWeapons_Equipment,https://wiki.sogpf.com/index.php?title=CfgWeapons_Equipment&action=raw,EAST,vn_o_men_nva_65_17;vn_o_men_nva_65_23;vn_o_men_nva_65_27;vn_o_men_nva_65_40,Official CfgWeapons equipment uniform record.
uniform,vn_o_uniform_nva_army_03_03,NVA Uniform 3,,1.0,CfgWeapons_Equipment,https://wiki.sogpf.com/index.php?title=CfgWeapons_Equipment&action=raw,EAST,vn_o_men_nva_03;vn_o_men_nva_13,Official CfgWeapons equipment uniform record.
uniform,vn_o_uniform_nva_army_03_04,NVA Uniform 3 (Field),,1.0,CfgWeapons_Equipment,https://wiki.sogpf.com/index.php?title=CfgWeapons_Equipment&action=raw,EAST,vn_o_men_nva_17;vn_o_men_nva_27,Official CfgWeapons equipment uniform record.
uniform,vn_o_uniform_nva_army_04_01,NVA 65 Uniform 4,,1.0,CfgWeapons_Equipment,https://wiki.sogpf.com/index.php?title=CfgWeapons_Equipment&action=raw,EAST,vn_o_men_nva_65_04;vn_o_men_nva_65_10;vn_o_men_nva_65_36,Official CfgWeapons equipment uniform record.
uniform,vn_o_uniform_nva_army_04_02,NVA 65 Uniform 4 (Field),,1.0,CfgWeapons_Equipment,https://wiki.sogpf.com/index.php?title=CfgWeapons_Equipment&action=raw,EAST,vn_o_men_nva_65_18;vn_o_men_nva_65_24;vn_o_men_nva_65_28;vn_o_men_nva_65_32;vn_o_men_nva_65_33;vn_o_men_nva_65_34,Official CfgWeapons equipment uniform record.
uniform,vn_o_uniform_nva_army_04_03,NVA Uniform 4,,1.0,CfgWeapons_Equipment,https://wiki.sogpf.com/index.php?title=CfgWeapons_Equipment&action=raw,EAST,vn_o_men_nva_04;vn_o_men_nva_38;vn_o_men_nva_49;vn_o_men_pl_19,Official CfgWeapons equipment uniform record.
uniform,vn_o_uniform_nva_army_04_04,NVA Uniform 4 (Field),,1.0,CfgWeapons_Equipment,https://wiki.sogpf.com/index.php?title=CfgWeapons_Equipment&action=raw,EAST,vn_o_men_nva_18,Official CfgWeapons equipment uniform record.
uniform,vn_o_uniform_nva_army_05_03,NVA Uniform 5,,1.0,CfgWeapons_Equipment,https://wiki.sogpf.com/index.php?title=CfgWeapons_Equipment&action=raw,EAST,vn_o_men_nva_05;vn_o_men_nva_14;vn_o_men_nva_29;vn_o_men_nva_30;vn_o_men_nva_39;vn_o_men_nva_43;vn_o_men_pl_20,Official CfgWeapons equipment uniform record.
uniform,vn_o_uniform_nva_army_05_04,NVA Uniform 5 (Field),,1.0,CfgWeapons_Equipment,https://wiki.sogpf.com/index.php?title=CfgWeapons_Equipment&action=raw,EAST,vn_o_men_nva_19;vn_o_men_nva_28;vn_o_men_nva_33;vn_o_men_nva_34;vn_o_men_nva_35;vn_o_men_nva_36;vn_o_men_nva_40;vn_o_men_nva_41;vn_o_men_nva_42;vn_o_men_nva_44;vn_o_men_nva_46;vn_o_men_nva_48;vn_o_men_nva_50,Official CfgWeapons equipment uniform record.
uniform,vn_o_uniform_nva_army_06_03,NVA Uniform 6,,1.0,CfgWeapons_Equipment,https://wiki.sogpf.com/index.php?title=CfgWeapons_Equipment&action=raw,EAST,vn_o_men_nva_06;vn_o_men_nva_31;vn_o_men_nva_32,Official CfgWeapons equipment uniform record.
uniform,vn_o_uniform_nva_army_06_04,NVA Uniform 6 (Field),,1.0,CfgWeapons_Equipment,https://wiki.sogpf.com/index.php?title=CfgWeapons_Equipment&action=raw,EAST,vn_o_men_nva_20,Official CfgWeapons equipment uniform record.
uniform,vn_o_uniform_nva_army_07_03,NVA Uniform 7,,1.0,CfgWeapons_Equipment,https://wiki.sogpf.com/index.php?title=CfgWeapons_Equipment&action=raw,EAST,vn_o_men_nva_07,Official CfgWeapons equipment uniform record.
uniform,vn_o_uniform_nva_army_07_04,NVA Uniform 7 (Field),,1.0,CfgWeapons_Equipment,https://wiki.sogpf.com/index.php?title=CfgWeapons_Equipment&action=raw,EAST,vn_o_men_nva_21,Official CfgWeapons equipment uniform record.
uniform,vn_o_uniform_nva_army_08_03,NVA Uniform 8,,1.0,CfgWeapons_Equipment,https://wiki.sogpf.com/index.php?title=CfgWeapons_Equipment&action=raw,EAST,vn_o_men_nva_08,Official CfgWeapons equipment uniform record.
uniform,vn_o_uniform_nva_army_08_04,NVA Uniform 8 (Field),,1.0,CfgWeapons_Equipment,https://wiki.sogpf.com/index.php?title=CfgWeapons_Equipment&action=raw,EAST,vn_o_men_nva_22,Official CfgWeapons equipment uniform record.
uniform,vn_o_uniform_nva_army_09_01,NVA 65 Uniform 9,,1.0,CfgWeapons_Equipment,https://wiki.sogpf.com/index.php?title=CfgWeapons_Equipment&action=raw,EAST,vn_o_men_nva_65_05;vn_o_men_nva_65_11,Official CfgWeapons equipment uniform record.
uniform,vn_o_uniform_nva_army_09_02,NVA 65 Uniform 9 (Field),,1.0,CfgWeapons_Equipment,https://wiki.sogpf.com/index.php?title=CfgWeapons_Equipment&action=raw,EAST,vn_o_men_nva_65_19;vn_o_men_nva_65_25,Official CfgWeapons equipment uniform record.
uniform,vn_o_uniform_nva_army_09_03,NVA Uniform 9,,1.0,CfgWeapons_Equipment,https://wiki.sogpf.com/index.php?title=CfgWeapons_Equipment&action=raw,EAST,vn_o_men_nva_09,Official CfgWeapons equipment uniform record.
uniform,vn_o_uniform_nva_army_09_04,NVA Uniform 9 (Field),,1.0,CfgWeapons_Equipment,https://wiki.sogpf.com/index.php?title=CfgWeapons_Equipment&action=raw,EAST,vn_o_men_kr_75_11;vn_o_men_nva_23,Official CfgWeapons equipment uniform record.
uniform,vn_o_uniform_nva_army_10_03,NVA Uniform 10,,1.0,CfgWeapons_Equipment,https://wiki.sogpf.com/index.php?title=CfgWeapons_Equipment&action=raw,EAST,vn_o_men_nva_10;vn_o_men_nva_45;vn_o_men_nva_47,Official CfgWeapons equipment uniform record.
uniform,vn_o_uniform_nva_army_10_04,NVA Uniform 10 (Field),,1.0,CfgWeapons_Equipment,https://wiki.sogpf.com/index.php?title=CfgWeapons_Equipment&action=raw,EAST,vn_o_men_kr_75_13;vn_o_men_nva_24,Official CfgWeapons equipment uniform record.
uniform,vn_o_uniform_nva_army_11_03,NVA Uniform 11,,1.0,CfgWeapons_Equipment,https://wiki.sogpf.com/index.php?title=CfgWeapons_Equipment&action=raw,EAST,vn_o_men_nva_11,Official CfgWeapons equipment uniform record.
uniform,vn_o_uniform_nva_army_11_04,NVA Uniform 11 (Field),,1.0,CfgWeapons_Equipment,https://wiki.sogpf.com/index.php?title=CfgWeapons_Equipment&action=raw,EAST,vn_o_men_kr_75_15;vn_o_men_nva_25,Official CfgWeapons equipment uniform record.
uniform,vn_o_uniform_nva_army_12_01,NVA 65 Uniform 12,,1.0,CfgWeapons_Equipment,https://wiki.sogpf.com/index.php?title=CfgWeapons_Equipment&action=raw,EAST,vn_o_men_nva_65_06;vn_o_men_nva_65_12,Official CfgWeapons equipment uniform record.
uniform,vn_o_uniform_nva_army_12_02,NVA 65 Uniform 12 (Field),,1.0,CfgWeapons_Equipment,https://wiki.sogpf.com/index.php?title=CfgWeapons_Equipment&action=raw,EAST,vn_o_men_nva_65_20;vn_o_men_nva_65_26,Official CfgWeapons equipment uniform record.
uniform,vn_o_uniform_nva_army_12_03,NVA Uniform 12,,1.0,CfgWeapons_Equipment,https://wiki.sogpf.com/index.php?title=CfgWeapons_Equipment&action=raw,EAST,vn_o_men_nva_12,Official CfgWeapons equipment uniform record.
uniform,vn_o_uniform_nva_army_12_04,NVA Uniform 12 (Field),,1.0,CfgWeapons_Equipment,https://wiki.sogpf.com/index.php?title=CfgWeapons_Equipment&action=raw,EAST,vn_o_men_kr_75_19;vn_o_men_nva_26,Official CfgWeapons equipment uniform record.
uniform,vn_o_uniform_nva_dc_13_02,NVA Dac Cong Uniform 1 (Tan),,1.0,CfgWeapons_Equipment,https://wiki.sogpf.com/index.php?title=CfgWeapons_Equipment&action=raw,EAST,vn_o_men_nva_dc_01;vn_o_men_nva_dc_07;vn_o_men_nva_dc_13,Official CfgWeapons equipment uniform record.
uniform,vn_o_uniform_nva_dc_13_04,NVA Dac Cong Uniform 1 (Green),,1.0,CfgWeapons_Equipment,https://wiki.sogpf.com/index.php?title=CfgWeapons_Equipment&action=raw,EAST,vn_o_men_nva_dc_02;vn_o_men_nva_dc_08;vn_o_men_nva_dc_14;vn_o_men_nva_dc_15;vn_o_men_nva_dc_16;vn_o_men_nva_dc_17,Official CfgWeapons equipment uniform record.
uniform,vn_o_uniform_nva_dc_13_07,NVA Dac Cong Uniform 1 (Black),,1.0,CfgWeapons_Equipment,https://wiki.sogpf.com/index.php?title=CfgWeapons_Equipment&action=raw,EAST,vn_o_men_nva_dc_03;vn_o_men_nva_dc_09,Official CfgWeapons equipment uniform record.
uniform,vn_o_uniform_nva_dc_13_08,NVA Dac Cong Uniform 1 (Blue),,1.0,CfgWeapons_Equipment,https://wiki.sogpf.com/index.php?title=CfgWeapons_Equipment&action=raw,EAST,vn_o_men_nva_dc_04;vn_o_men_nva_dc_10;vn_o_men_nva_dc_18,Official CfgWeapons equipment uniform record.
uniform,vn_o_uniform_nva_dc_14_01,NVA Dac Cong Uniform 2 (Black),,1.0,CfgWeapons_Equipment,https://wiki.sogpf.com/index.php?title=CfgWeapons_Equipment&action=raw,EAST,vn_o_men_nva_dc_05;vn_o_men_nva_dc_11,Official CfgWeapons equipment uniform record.
uniform,vn_o_uniform_nva_dc_14_04,NVA Dac Cong Uniform 2 (Blue),,1.0,CfgWeapons_Equipment,https://wiki.sogpf.com/index.php?title=CfgWeapons_Equipment&action=raw,EAST,vn_o_men_nva_dc_06;vn_o_men_nva_dc_12,Official CfgWeapons equipment uniform record.
uniform,vn_o_uniform_nva_navy_01,VPN Marines Uniform 1,,1.0,CfgWeapons_Equipment,https://wiki.sogpf.com/index.php?title=CfgWeapons_Equipment&action=raw,EAST,vn_o_men_nva_marine_01;vn_o_men_nva_marine_03;vn_o_men_nva_marine_06;vn_o_men_nva_marine_08;vn_o_men_nva_marine_10;vn_o_men_nva_marine_12;vn_o_men_nva_marine_14,Official CfgWeapons equipment uniform record.
uniform,vn_o_uniform_nva_navy_02,VPN Marines Uniform 2,,1.0,CfgWeapons_Equipment,https://wiki.sogpf.com/index.php?title=CfgWeapons_Equipment&action=raw,EAST,vn_o_men_nva_navy_01;vn_o_men_nva_navy_03;vn_o_men_nva_navy_06;vn_o_men_nva_navy_08;vn_o_men_nva_navy_14,Official CfgWeapons equipment uniform record.
uniform,vn_o_uniform_nva_navy_03,VPN Navy Uniform 1,,1.0,CfgWeapons_Equipment,https://wiki.sogpf.com/index.php?title=CfgWeapons_Equipment&action=raw,EAST,vn_o_men_nva_marine_02;vn_o_men_nva_marine_04;vn_o_men_nva_marine_05;vn_o_men_nva_marine_07;vn_o_men_nva_marine_09;vn_o_men_nva_marine_11;vn_o_men_nva_marine_13,Official CfgWeapons equipment uniform record.
uniform,vn_o_uniform_nva_navy_04,VPN Navy Uniform 2,,1.0,CfgWeapons_Equipment,https://wiki.sogpf.com/index.php?title=CfgWeapons_Equipment&action=raw,EAST,vn_o_men_nva_navy_02;vn_o_men_nva_navy_04;vn_o_men_nva_navy_05;vn_o_men_nva_navy_07;vn_o_men_nva_navy_09;vn_o_men_nva_navy_10;vn_o_men_nva_navy_11;vn_o_men_nva_navy_12;vn_o_men_nva_navy_13,Official CfgWeapons equipment uniform record.
uniform,vn_o_uniform_pl_army_01_11,PL Uniform 1 (Dark),,1.2,CfgWeapons_Equipment,https://wiki.sogpf.com/index.php?title=CfgWeapons_Equipment&action=raw,EAST,vn_o_men_pl_01,Official CfgWeapons equipment uniform record.
uniform,vn_o_uniform_pl_army_01_12,PL Uniform 1 (Dark/ Field),,1.2,CfgWeapons_Equipment,https://wiki.sogpf.com/index.php?title=CfgWeapons_Equipment&action=raw,EAST,vn_o_men_pl_05,Official CfgWeapons equipment uniform record.
uniform,vn_o_uniform_pl_army_01_13,PL Uniform 1 (Light),,1.2,CfgWeapons_Equipment,https://wiki.sogpf.com/index.php?title=CfgWeapons_Equipment&action=raw,EAST,vn_o_men_pl_09;vn_o_men_pl_29,Official CfgWeapons equipment uniform record.
uniform,vn_o_uniform_pl_army_01_14,PL Uniform 1 (Light/ Field),,1.2,CfgWeapons_Equipment,https://wiki.sogpf.com/index.php?title=CfgWeapons_Equipment&action=raw,EAST,vn_o_men_pl_13,Official CfgWeapons equipment uniform record.
uniform,vn_o_uniform_pl_army_02_11,PL Uniform 2 (Dark),,1.2,CfgWeapons_Equipment,https://wiki.sogpf.com/index.php?title=CfgWeapons_Equipment&action=raw,EAST,vn_o_men_pl_02;vn_o_men_pl_27;vn_o_men_pl_30,Official CfgWeapons equipment uniform record.
uniform,vn_o_uniform_pl_army_02_12,PL Uniform 2 (Dark/ Field),,1.2,CfgWeapons_Equipment,https://wiki.sogpf.com/index.php?title=CfgWeapons_Equipment&action=raw,EAST,vn_o_men_pl_06,Official CfgWeapons equipment uniform record.
uniform,vn_o_uniform_pl_army_02_13,PL Uniform 2 (Light),,1.2,CfgWeapons_Equipment,https://wiki.sogpf.com/index.php?title=CfgWeapons_Equipment&action=raw,EAST,vn_o_men_pl_10;vn_o_men_pl_31,Official CfgWeapons equipment uniform record.
uniform,vn_o_uniform_pl_army_02_14,PL Uniform 2 (Light/ Field),,1.2,CfgWeapons_Equipment,https://wiki.sogpf.com/index.php?title=CfgWeapons_Equipment&action=raw,EAST,vn_o_men_pl_14;vn_o_men_pl_26,Official CfgWeapons equipment uniform record.
uniform,vn_o_uniform_pl_army_03_11,PL Uniform 3 (Dark),,1.2,CfgWeapons_Equipment,https://wiki.sogpf.com/index.php?title=CfgWeapons_Equipment&action=raw,EAST,vn_o_men_pl_03,Official CfgWeapons equipment uniform record.
uniform,vn_o_uniform_pl_army_03_12,PL Uniform 3 (Dark/ Field),,1.2,CfgWeapons_Equipment,https://wiki.sogpf.com/index.php?title=CfgWeapons_Equipment&action=raw,EAST,vn_o_men_pl_07,Official CfgWeapons equipment uniform record.
uniform,vn_o_uniform_pl_army_03_13,PL Uniform 3 (Light),,1.2,CfgWeapons_Equipment,https://wiki.sogpf.com/index.php?title=CfgWeapons_Equipment&action=raw,EAST,vn_o_men_pl_11;vn_o_men_pl_24;vn_o_men_pl_25,Official CfgWeapons equipment uniform record.
uniform,vn_o_uniform_pl_army_03_14,PL Uniform 3 (Light/ Field),,1.2,CfgWeapons_Equipment,https://wiki.sogpf.com/index.php?title=CfgWeapons_Equipment&action=raw,EAST,vn_o_men_pl_15,Official CfgWeapons equipment uniform record.
uniform,vn_o_uniform_pl_army_04_11,PL Uniform 4 (Dark),,1.2,CfgWeapons_Equipment,https://wiki.sogpf.com/index.php?title=CfgWeapons_Equipment&action=raw,EAST,vn_o_men_pl_04,Official CfgWeapons equipment uniform record.
uniform,vn_o_uniform_pl_army_04_12,PL Uniform 4 (Dark/ Field),,1.2,CfgWeapons_Equipment,https://wiki.sogpf.com/index.php?title=CfgWeapons_Equipment&action=raw,EAST,vn_o_men_pl_08;vn_o_men_pl_21;vn_o_men_pl_22;vn_o_men_pl_23;vn_o_men_pl_28,Official CfgWeapons equipment uniform record.
uniform,vn_o_uniform_pl_army_04_13,PL Uniform 4 (Light),,1.2,CfgWeapons_Equipment,https://wiki.sogpf.com/index.php?title=CfgWeapons_Equipment&action=raw,EAST,vn_o_men_pl_12,Official CfgWeapons equipment uniform record.
uniform,vn_o_uniform_pl_army_04_14,PL Uniform 4 (Light/ Field),,1.2,CfgWeapons_Equipment,https://wiki.sogpf.com/index.php?title=CfgWeapons_Equipment&action=raw,EAST,vn_o_men_pl_16,Official CfgWeapons equipment uniform record.
uniform,vn_o_uniform_vc_01_01,VC Uniform 1 (Black),,1.0,CfgWeapons_Equipment,https://wiki.sogpf.com/index.php?title=CfgWeapons_Equipment&action=raw,EAST,CivilianPresence_vn_c_men_01;vn_c_men_01;vn_o_men_kr_70_01;vn_o_men_kr_70_09;vn_o_men_kr_70_20;vn_o_men_kr_75_01;vn_o_men_kr_75_20;vn_o_men_vc_local_01,Official CfgWeapons equipment uniform record.
uniform,vn_o_uniform_vc_01_02,VC Uniform 1 (Black/ white),,1.0,CfgWeapons_Equipment,https://wiki.sogpf.com/index.php?title=CfgWeapons_Equipment&action=raw,EAST,CivilianPresence_vn_c_men_05;vn_c_men_05;vn_o_men_vc_local_05,Official CfgWeapons equipment uniform record.
uniform,vn_o_uniform_vc_01_03,VC Uniform 1 (Grey/ tan),,1.0,CfgWeapons_Equipment,https://wiki.sogpf.com/index.php?title=CfgWeapons_Equipment&action=raw,EAST,CivilianPresence_vn_c_men_09;vn_c_men_09;vn_o_men_vc_local_09,Official CfgWeapons equipment uniform record.
uniform,vn_o_uniform_vc_01_04,VC Uniform 1 (Blue),,1.0,CfgWeapons_Equipment,https://wiki.sogpf.com/index.php?title=CfgWeapons_Equipment&action=raw,EAST,CivilianPresence_vn_c_men_13;vn_c_men_13;vn_o_men_vc_local_13,Official CfgWeapons equipment uniform record.
uniform,vn_o_uniform_vc_01_05,VC Uniform 1 (White/ black),,1.0,CfgWeapons_Equipment,https://wiki.sogpf.com/index.php?title=CfgWeapons_Equipment&action=raw,EAST,CivilianPresence_vn_c_men_17;vn_c_men_17;vn_o_men_vc_local_17,Official CfgWeapons equipment uniform record.
uniform,vn_o_uniform_vc_01_06,VC Uniform 1 (Blue/ white),,1.0,CfgWeapons_Equipment,https://wiki.sogpf.com/index.php?title=CfgWeapons_Equipment&action=raw,EAST,CivilianPresence_vn_c_men_21;vn_c_men_21;vn_o_men_vc_local_21,Official CfgWeapons equipment uniform record.
uniform,vn_o_uniform_vc_01_07,VC Uniform 1 (Blue/ grey),,1.0,CfgWeapons_Equipment,https://wiki.sogpf.com/index.php?title=CfgWeapons_Equipment&action=raw,EAST,CivilianPresence_vn_c_men_25;vn_c_men_25;vn_o_men_vc_local_25,Official CfgWeapons equipment uniform record.
uniform,vn_o_uniform_vc_02_01,VC Uniform 2 (Black),,1.0,CfgWeapons_Equipment,https://wiki.sogpf.com/index.php?title=CfgWeapons_Equipment&action=raw,EAST,CivilianPresence_vn_c_men_02;vn_c_men_02;vn_o_men_kr_70_02;vn_o_men_kr_70_10;vn_o_men_kr_70_23;vn_o_men_kr_75_02;vn_o_men_kr_75_23;vn_o_men_vc_local_02,Official CfgWeapons equipment uniform record.
uniform,vn_o_uniform_vc_02_02,VC Uniform 2 (Black/ white),,1.0,CfgWeapons_Equipment,https://wiki.sogpf.com/index.php?title=CfgWeapons_Equipment&action=raw,EAST,CivilianPresence_vn_c_men_06;vn_c_men_06;vn_o_men_vc_local_06,Official CfgWeapons equipment uniform record.
uniform,vn_o_uniform_vc_02_03,VC Uniform 2 (Grey/ tan),,1.0,CfgWeapons_Equipment,https://wiki.sogpf.com/index.php?title=CfgWeapons_Equipment&action=raw,EAST,CivilianPresence_vn_c_men_10;vn_c_men_10;vn_o_men_vc_local_10,Official CfgWeapons equipment uniform record.
uniform,vn_o_uniform_vc_02_04,VC Uniform 2 (Blue),,1.0,CfgWeapons_Equipment,https://wiki.sogpf.com/index.php?title=CfgWeapons_Equipment&action=raw,EAST,CivilianPresence_vn_c_men_14;vn_c_men_14;vn_o_men_vc_local_14,Official CfgWeapons equipment uniform record.
uniform,vn_o_uniform_vc_02_05,VC Uniform 2 (White/ black),,1.0,CfgWeapons_Equipment,https://wiki.sogpf.com/index.php?title=CfgWeapons_Equipment&action=raw,EAST,CivilianPresence_vn_c_men_18;vn_c_men_18;vn_o_men_vc_local_18,Official CfgWeapons equipment uniform record.
uniform,vn_o_uniform_vc_02_06,VC Uniform 2 (Blue/ white),,1.0,CfgWeapons_Equipment,https://wiki.sogpf.com/index.php?title=CfgWeapons_Equipment&action=raw,EAST,CivilianPresence_vn_c_men_22;vn_c_men_22;vn_o_men_vc_local_22,Official CfgWeapons equipment uniform record.
uniform,vn_o_uniform_vc_02_07,VC Uniform 2 (Blue/ grey),,1.0,CfgWeapons_Equipment,https://wiki.sogpf.com/index.php?title=CfgWeapons_Equipment&action=raw,EAST,CivilianPresence_vn_c_men_26;vn_c_men_26;vn_o_men_vc_local_26,Official CfgWeapons equipment uniform record.
uniform,vn_o_uniform_vc_03_01,VC Uniform 3 (Black),,1.0,CfgWeapons_Equipment,https://wiki.sogpf.com/index.php?title=CfgWeapons_Equipment&action=raw,EAST,CivilianPresence_vn_c_men_03;vn_c_men_03;vn_o_men_kr_70_03;vn_o_men_kr_70_11;vn_o_men_kr_75_03;vn_o_men_vc_local_03,Official CfgWeapons equipment uniform record.
uniform,vn_o_uniform_vc_03_02,VC Uniform 3 (Black/ white),,1.0,CfgWeapons_Equipment,https://wiki.sogpf.com/index.php?title=CfgWeapons_Equipment&action=raw,EAST,CivilianPresence_vn_c_men_07;vn_c_men_07;vn_o_men_vc_local_07,Official CfgWeapons equipment uniform record.
uniform,vn_o_uniform_vc_03_03,VC Uniform 3 (Grey/ tan),,1.0,CfgWeapons_Equipment,https://wiki.sogpf.com/index.php?title=CfgWeapons_Equipment&action=raw,EAST,CivilianPresence_vn_c_men_11;vn_c_men_11;vn_o_men_vc_local_11,Official CfgWeapons equipment uniform record.
uniform,vn_o_uniform_vc_03_04,VC Uniform 3 (Blue),,1.0,CfgWeapons_Equipment,https://wiki.sogpf.com/index.php?title=CfgWeapons_Equipment&action=raw,EAST,CivilianPresence_vn_c_men_15;vn_c_men_15;vn_o_men_vc_local_15,Official CfgWeapons equipment uniform record.
uniform,vn_o_uniform_vc_03_05,VC Uniform 3 (White/ black),,1.0,CfgWeapons_Equipment,https://wiki.sogpf.com/index.php?title=CfgWeapons_Equipment&action=raw,EAST,CivilianPresence_vn_c_men_19;vn_c_men_19;vn_o_men_vc_local_19,Official CfgWeapons equipment uniform record.
uniform,vn_o_uniform_vc_03_06,VC Uniform 3 (Blue/ white),,1.0,CfgWeapons_Equipment,https://wiki.sogpf.com/index.php?title=CfgWeapons_Equipment&action=raw,EAST,CivilianPresence_vn_c_men_23;vn_c_men_23;vn_o_men_vc_local_23,Official CfgWeapons equipment uniform record.
uniform,vn_o_uniform_vc_03_07,VC Uniform 3 (Blue/ grey),,1.0,CfgWeapons_Equipment,https://wiki.sogpf.com/index.php?title=CfgWeapons_Equipment&action=raw,EAST,CivilianPresence_vn_c_men_27;vn_c_men_27;vn_o_men_vc_local_27,Official CfgWeapons equipment uniform record.
uniform,vn_o_uniform_vc_04_01,VC Uniform 4 (Black),,1.0,CfgWeapons_Equipment,https://wiki.sogpf.com/index.php?title=CfgWeapons_Equipment&action=raw,EAST,CivilianPresence_vn_c_men_04;vn_c_men_04;vn_o_men_kr_70_04;vn_o_men_kr_70_13;vn_o_men_kr_75_04;vn_o_men_vc_local_04,Official CfgWeapons equipment uniform record.
uniform,vn_o_uniform_vc_04_02,VC Uniform 4 (Black/ white),,1.0,CfgWeapons_Equipment,https://wiki.sogpf.com/index.php?title=CfgWeapons_Equipment&action=raw,EAST,CivilianPresence_vn_c_men_08;vn_c_men_08;vn_o_men_vc_local_08,Official CfgWeapons equipment uniform record.
uniform,vn_o_uniform_vc_04_03,VC Uniform 4 (Grey/tan),,1.0,CfgWeapons_Equipment,https://wiki.sogpf.com/index.php?title=CfgWeapons_Equipment&action=raw,EAST,CivilianPresence_vn_c_men_12;vn_c_men_12;vn_o_men_vc_local_12,Official CfgWeapons equipment uniform record.
uniform,vn_o_uniform_vc_04_04,VC Uniform 4 (Blue),,1.0,CfgWeapons_Equipment,https://wiki.sogpf.com/index.php?title=CfgWeapons_Equipment&action=raw,EAST,CivilianPresence_vn_c_men_16;vn_c_men_16;vn_o_men_vc_local_16,Official CfgWeapons equipment uniform record.
uniform,vn_o_uniform_vc_04_05,VC Uniform 4 (White/black),,1.0,CfgWeapons_Equipment,https://wiki.sogpf.com/index.php?title=CfgWeapons_Equipment&action=raw,EAST,CivilianPresence_vn_c_men_20;vn_c_men_20;vn_o_men_vc_local_20,Official CfgWeapons equipment uniform record.
uniform,vn_o_uniform_vc_04_06,VC Uniform 4 (Blue/ white),,1.0,CfgWeapons_Equipment,https://wiki.sogpf.com/index.php?title=CfgWeapons_Equipment&action=raw,EAST,CivilianPresence_vn_c_men_24;vn_c_men_24;vn_o_men_vc_local_24,Official CfgWeapons equipment uniform record.
uniform,vn_o_uniform_vc_04_07,VC Uniform 4 (Blue/ grey),,1.0,CfgWeapons_Equipment,https://wiki.sogpf.com/index.php?title=CfgWeapons_Equipment&action=raw,EAST,CivilianPresence_vn_c_men_28;vn_c_men_28;vn_o_men_vc_local_28,Official CfgWeapons equipment uniform record.
uniform,vn_o_uniform_vc_05_01,VC Uniform 5 (Black),,1.0,CfgWeapons_Equipment,https://wiki.sogpf.com/index.php?title=CfgWeapons_Equipment&action=raw,EAST,CivilianPresence_vn_c_men_29;vn_c_men_29;vn_o_men_vc_local_29,Official CfgWeapons equipment uniform record.
uniform,vn_o_uniform_vc_05_02,VC Uniform 5 (White),,1.0,CfgWeapons_Equipment,https://wiki.sogpf.com/index.php?title=CfgWeapons_Equipment&action=raw,EAST,CivilianPresence_vn_c_men_30;vn_c_men_30;vn_o_men_vc_local_30,Official CfgWeapons equipment uniform record.
uniform,vn_o_uniform_vc_05_03,VC Uniform 5 (Grey),,1.0,CfgWeapons_Equipment,https://wiki.sogpf.com/index.php?title=CfgWeapons_Equipment&action=raw,EAST,CivilianPresence_vn_c_men_31;vn_c_men_31;vn_o_men_vc_local_31,Official CfgWeapons equipment uniform record.
uniform,vn_o_uniform_vc_05_04,VC Uniform 5 (Blue),,1.0,CfgWeapons_Equipment,https://wiki.sogpf.com/index.php?title=CfgWeapons_Equipment&action=raw,EAST,CivilianPresence_vn_c_men_32;vn_c_men_32;vn_o_men_vc_local_32,Official CfgWeapons equipment uniform record.
uniform,vn_o_uniform_vc_mf_01_07,VC Uniform 1,,1.0,CfgWeapons_Equipment,https://wiki.sogpf.com/index.php?title=CfgWeapons_Equipment&action=raw,EAST,vn_o_men_vc_01;vn_o_men_vc_09,Official CfgWeapons equipment uniform record.
uniform,vn_o_uniform_vc_mf_02_07,VC Uniform 2,,1.0,CfgWeapons_Equipment,https://wiki.sogpf.com/index.php?title=CfgWeapons_Equipment&action=raw,EAST,vn_o_men_vc_02;vn_o_men_vc_10,Official CfgWeapons equipment uniform record.
uniform,vn_o_uniform_vc_mf_03_07,VC Uniform 3,,1.0,CfgWeapons_Equipment,https://wiki.sogpf.com/index.php?title=CfgWeapons_Equipment&action=raw,EAST,vn_o_men_vc_03;vn_o_men_vc_11,Official CfgWeapons equipment uniform record.
uniform,vn_o_uniform_vc_mf_04_07,VC Uniform 4,,1.0,CfgWeapons_Equipment,https://wiki.sogpf.com/index.php?title=CfgWeapons_Equipment&action=raw,EAST,vn_o_men_vc_04;vn_o_men_vc_12,Official CfgWeapons equipment uniform record.
uniform,vn_o_uniform_vc_mf_09_07,VC Uniform 9,,1.0,CfgWeapons_Equipment,https://wiki.sogpf.com/index.php?title=CfgWeapons_Equipment&action=raw,EAST,vn_o_men_kr_70_05;vn_o_men_kr_70_12;vn_o_men_kr_70_19;vn_o_men_kr_70_24;vn_o_men_kr_75_05;vn_o_men_kr_75_12;vn_o_men_vc_05;vn_o_men_vc_13,Official CfgWeapons equipment uniform record.
uniform,vn_o_uniform_vc_mf_10_07,VC Uniform 10,,1.0,CfgWeapons_Equipment,https://wiki.sogpf.com/index.php?title=CfgWeapons_Equipment&action=raw,EAST,vn_o_men_kr_70_06;vn_o_men_kr_70_14;vn_o_men_kr_70_17;vn_o_men_kr_70_18;vn_o_men_kr_75_06;vn_o_men_kr_75_14;vn_o_men_kr_75_17;vn_o_men_kr_75_18;vn_o_men_pl_17;vn_o_men_vc_06;vn_o_men_vc_14;vn_o_men_vc_15;vn_o_men_vc_16;vn_o_men_vc_17,Official CfgWeapons equipment uniform record.
uniform,vn_o_uniform_vc_mf_11_07,VC Uniform 11,,1.0,CfgWeapons_Equipment,https://wiki.sogpf.com/index.php?title=CfgWeapons_Equipment&action=raw,EAST,vn_o_men_kr_70_07;vn_o_men_kr_70_15;vn_o_men_kr_75_07;vn_o_men_vc_07,Official CfgWeapons equipment uniform record.
uniform,vn_o_uniform_vc_mf_12_07,VC Uniform 12,,1.0,CfgWeapons_Equipment,https://wiki.sogpf.com/index.php?title=CfgWeapons_Equipment&action=raw,EAST,vn_o_men_kr_70_08;vn_o_men_kr_70_16;vn_o_men_kr_70_21;vn_o_men_kr_70_22;vn_o_men_kr_75_08;vn_o_men_kr_75_16;vn_o_men_kr_75_21;vn_o_men_kr_75_22;vn_o_men_vc_08,Official CfgWeapons equipment uniform record.
uniform,vn_o_uniform_vc_reg_11_08,VC Uniform 11 (Blue),,1.0,CfgWeapons_Equipment,https://wiki.sogpf.com/index.php?title=CfgWeapons_Equipment&action=raw,EAST,vn_o_men_vc_regional_01;vn_o_men_vc_regional_07;vn_o_men_vc_regional_13,Official CfgWeapons equipment uniform record.
uniform,vn_o_uniform_vc_reg_11_09,VC Uniform 11 (Blue/ tan),,1.0,CfgWeapons_Equipment,https://wiki.sogpf.com/index.php?title=CfgWeapons_Equipment&action=raw,EAST,vn_o_men_vc_regional_02;vn_o_men_vc_regional_08;vn_o_men_vc_regional_14,Official CfgWeapons equipment uniform record.
uniform,vn_o_uniform_vc_reg_11_10,VC Uniform 11 (Tan/ black),,1.0,CfgWeapons_Equipment,https://wiki.sogpf.com/index.php?title=CfgWeapons_Equipment&action=raw,EAST,vn_o_men_kr_75_10;vn_o_men_vc_regional_03;vn_o_men_vc_regional_09,Official CfgWeapons equipment uniform record.
uniform,vn_o_uniform_vc_reg_12_08,VC Uniform 12 (Blue),,1.0,CfgWeapons_Equipment,https://wiki.sogpf.com/index.php?title=CfgWeapons_Equipment&action=raw,EAST,vn_o_men_vc_regional_04;vn_o_men_vc_regional_10,Official CfgWeapons equipment uniform record.
uniform,vn_o_uniform_vc_reg_12_09,VC Uniform 12 (Blue/ tan),,1.0,CfgWeapons_Equipment,https://wiki.sogpf.com/index.php?title=CfgWeapons_Equipment&action=raw,EAST,vn_o_men_vc_regional_05;vn_o_men_vc_regional_11,Official CfgWeapons equipment uniform record.
uniform,vn_o_uniform_vc_reg_12_10,VC Uniform 12 (Tan/ black),,1.0,CfgWeapons_Equipment,https://wiki.sogpf.com/index.php?title=CfgWeapons_Equipment&action=raw,EAST,vn_o_men_kr_75_09;vn_o_men_vc_regional_06;vn_o_men_vc_regional_12,Official CfgWeapons equipment uniform record.
vest,vn_b_vest_aircrew_01,Vest - Aircrew,"Vest - Aircrew, ballistic protection, also known as The Chicken Plate",1.0,CfgWeapons_Equipment,https://wiki.sogpf.com/index.php?title=CfgWeapons_Equipment&action=raw,WEST;INDEPENDENT,vn_b_men_aircrew_03;vn_b_men_aircrew_04;vn_b_men_aircrew_07;vn_b_men_aircrew_08;vn_b_men_aircrew_11;vn_b_men_aircrew_12;vn_b_men_aircrew_15;vn_b_men_aircrew_16;vn_b_men_aircrew_23;vn_b_men_aircrew_24;vn_b_men_aircrew_39;vn_b_men_aircrew_40;vn_b_men_aircrew_47;vn_b_men_aircrew_48;vn_b_men_aircrew_base;vn_i_men_aircrew_03;vn_i_men_aircrew_04;vn_i_men_aircrew_11;vn_i_men_aircrew_12,Official CfgWeapons equipment vest record.
vest,vn_b_vest_aircrew_02,Vest - USAF (Pilot),"Vest - USAF (Pilot), SRU-21/P survival vest",1.0,CfgWeapons_Equipment,https://wiki.sogpf.com/index.php?title=CfgWeapons_Equipment&action=raw,WEST,vn_b_men_aircrew_02;vn_b_men_aircrew_22;vn_b_men_jetpilot_02,Official CfgWeapons equipment vest record.
vest,vn_b_vest_aircrew_03,Vest - Army (Pilot),"Vest - Army (Pilot), SRU-21/P survival vest",1.0,CfgWeapons_Equipment,https://wiki.sogpf.com/index.php?title=CfgWeapons_Equipment&action=raw,WEST;INDEPENDENT,vn_b_men_aircrew_06;vn_b_men_aircrew_10;vn_b_men_aircrew_14;vn_b_men_aircrew_18;vn_b_men_aircrew_26;vn_b_men_aircrew_36;vn_b_men_aircrew_38;vn_b_men_aircrew_41;vn_b_men_aircrew_42;vn_b_men_aircrew_43;vn_b_men_aircrew_44;vn_b_men_aircrew_46;vn_b_men_aircrew_49;vn_b_men_aircrew_50;vn_b_men_jetpilot_03;vn_b_men_jetpilot_06;vn_b_men_jetpilot_07;vn_b_men_jetpilot_11;vn_i_men_aircrew_01;vn_i_men_aircrew_05;vn_i_men_aircrew_06;vn_i_men_aircrew_07;vn_i_men_aircrew_08;vn_i_men_aircrew_10;vn_i_men_jetpilot_02,Official CfgWeapons equipment vest record.
vest,vn_b_vest_aircrew_04,Vest - USAF (Pilot/ holster),"Vest - USAF (Pilot), SRU-21/P survival vest with holster",1.0,CfgWeapons_Equipment,https://wiki.sogpf.com/index.php?title=CfgWeapons_Equipment&action=raw,WEST,vn_b_men_aircrew_01;vn_b_men_aircrew_21;vn_b_men_jetpilot_01,Official CfgWeapons equipment vest record.
vest,vn_b_vest_aircrew_05,Vest - Army (Pilot/ holster),"Vest - Army (Pilot), SRU-21/P survival vest with holster",1.0,CfgWeapons_Equipment,https://wiki.sogpf.com/index.php?title=CfgWeapons_Equipment&action=raw,WEST;INDEPENDENT,vn_b_men_aircrew_05;vn_b_men_aircrew_09;vn_b_men_aircrew_13;vn_b_men_aircrew_17;vn_b_men_aircrew_25;vn_b_men_aircrew_35;vn_b_men_aircrew_37;vn_b_men_aircrew_45;vn_b_men_jetpilot_04;vn_b_men_jetpilot_05;vn_b_men_jetpilot_08;vn_b_men_jetpilot_12;vn_i_men_aircrew_02;vn_i_men_aircrew_09;vn_i_men_aircrew_base;vn_i_men_jetpilot_01,Official CfgWeapons equipment vest record.
vest,vn_b_vest_aircrew_06,Vest - USAF (Pilot/ camo),"Vest - USAF (Pilot), SRU-21/P survival vest, Leopard camo",1.0,CfgWeapons_Equipment,https://wiki.sogpf.com/index.php?title=CfgWeapons_Equipment&action=raw,WEST,vn_b_men_jetpilot_09,Official CfgWeapons equipment vest record.
vest,vn_b_vest_aircrew_07,Vest - USSF (Pilot/ camo/ holster),"Vest - USSF (Pilot), SRU-21/P survival vest with holster, Leopard camo",1.0,CfgWeapons_Equipment,https://wiki.sogpf.com/index.php?title=CfgWeapons_Equipment&action=raw,WEST,vn_b_men_jetpilot_10,Official CfgWeapons equipment vest record.
vest,vn_b_vest_anzac_01,Vest - ANZAC (Rifleman 01),Vest - ANZAC (Rifleman 01),1.2,CfgWeapons_Equipment,https://wiki.sogpf.com/index.php?title=CfgWeapons_Equipment&action=raw,WEST,vn_b_men_aus_army_66_08;vn_b_men_aus_army_66_10;vn_b_men_aus_army_66_12;vn_b_men_aus_army_66_18;vn_b_men_aus_army_66_21;vn_b_men_aus_army_68_08;vn_b_men_aus_army_68_10;vn_b_men_aus_army_68_12;vn_b_men_aus_army_68_18;vn_b_men_aus_army_68_21;vn_b_men_aus_army_70_08;vn_b_men_aus_army_70_10;vn_b_men_aus_army_70_12;vn_b_men_aus_army_70_18;vn_b_men_aus_army_70_21;vn_b_men_nz_army_66_08;vn_b_men_nz_army_66_10;vn_b_men_nz_army_66_12;vn_b_men_nz_army_66_16;vn_b_men_nz_army_66_19;vn_b_men_nz_army_68_08;vn_b_men_nz_army_68_10;vn_b_men_nz_army_68_12;vn_b_men_nz_army_68_16;vn_b_men_nz_army_68_19;vn_b_men_nz_army_70_08;vn_b_men_nz_army_70_10;vn_b_men_nz_army_70_12;vn_b_men_nz_army_70_16;vn_b_men_nz_army_70_19,Official CfgWeapons equipment vest record.
vest,vn_b_vest_anzac_02,Vest - ANZAC (Rifleman 02),Vest - ANZAC (Rifleman 02),1.2,CfgWeapons_Equipment,https://wiki.sogpf.com/index.php?title=CfgWeapons_Equipment&action=raw,WEST,vn_b_men_aus_army_66_05;vn_b_men_aus_army_66_09;vn_b_men_aus_army_66_15;vn_b_men_aus_army_66_19;vn_b_men_aus_army_68_05;vn_b_men_aus_army_68_09;vn_b_men_aus_army_68_15;vn_b_men_aus_army_68_19;vn_b_men_aus_army_70_05;vn_b_men_aus_army_70_09;vn_b_men_aus_army_70_15;vn_b_men_aus_army_70_19;vn_b_men_nz_army_66_05;vn_b_men_nz_army_66_09;vn_b_men_nz_army_66_13;vn_b_men_nz_army_66_17;vn_b_men_nz_army_68_05;vn_b_men_nz_army_68_09;vn_b_men_nz_army_68_13;vn_b_men_nz_army_68_17;vn_b_men_nz_army_70_05;vn_b_men_nz_army_70_09;vn_b_men_nz_army_70_13;vn_b_men_nz_army_70_17,Official CfgWeapons equipment vest record.
vest,vn_b_vest_anzac_03,Vest - ANZAC (Scout),Vest - ANZAC (Scout),1.2,CfgWeapons_Equipment,https://wiki.sogpf.com/index.php?title=CfgWeapons_Equipment&action=raw,WEST,vn_b_men_aus_army_66_04;vn_b_men_aus_army_66_11;vn_b_men_aus_army_68_04;vn_b_men_aus_army_68_11;vn_b_men_aus_army_70_04;vn_b_men_aus_army_70_11;vn_b_men_nz_army_66_04;vn_b_men_nz_army_66_11;vn_b_men_nz_army_68_04;vn_b_men_nz_army_68_11;vn_b_men_nz_army_70_04;vn_b_men_nz_army_70_11,Official CfgWeapons equipment vest record.
vest,vn_b_vest_anzac_04,Vest - ANZAC (Grenadier),Vest - ANZAC (Grenadier),1.2,CfgWeapons_Equipment,https://wiki.sogpf.com/index.php?title=CfgWeapons_Equipment&action=raw,WEST,vn_b_men_aus_army_66_07;vn_b_men_aus_army_66_17;vn_b_men_aus_army_68_07;vn_b_men_aus_army_68_17;vn_b_men_aus_army_70_07;vn_b_men_aus_army_70_17;vn_b_men_nz_army_66_07;vn_b_men_nz_army_66_15;vn_b_men_nz_army_68_07;vn_b_men_nz_army_68_15;vn_b_men_nz_army_70_07;vn_b_men_nz_army_70_15,Official CfgWeapons equipment vest record.
vest,vn_b_vest_anzac_05,Vest - ANZAC (MG),Vest - ANZAC (MG),1.2,CfgWeapons_Equipment,https://wiki.sogpf.com/index.php?title=CfgWeapons_Equipment&action=raw,WEST,vn_b_men_aus_army_66_06;vn_b_men_aus_army_68_06;vn_b_men_aus_army_70_06;vn_b_men_nz_army_66_06;vn_b_men_nz_army_68_06;vn_b_men_nz_army_70_06,Official CfgWeapons equipment vest record.
vest,vn_b_vest_anzac_06,Vest - ANZAC (Medic),Vest - ANZAC (Medic),1.2,CfgWeapons_Equipment,https://wiki.sogpf.com/index.php?title=CfgWeapons_Equipment&action=raw,WEST,vn_b_men_aus_army_66_03;vn_b_men_aus_army_68_03;vn_b_men_aus_army_70_03;vn_b_men_nz_army_66_03;vn_b_men_nz_army_68_03;vn_b_men_nz_army_70_03,Official CfgWeapons equipment vest record.
vest,vn_b_vest_anzac_07,Vest - ANZAC (Officer),Vest - ANZAC (Officer),1.2,CfgWeapons_Equipment,https://wiki.sogpf.com/index.php?title=CfgWeapons_Equipment&action=raw,WEST,vn_b_men_aus_army_66_02;vn_b_men_aus_army_66_16;vn_b_men_aus_army_68_02;vn_b_men_aus_army_68_16;vn_b_men_aus_army_70_02;vn_b_men_aus_army_70_16;vn_b_men_nz_army_66_02;vn_b_men_nz_army_66_14;vn_b_men_nz_army_68_02;vn_b_men_nz_army_68_14;vn_b_men_nz_army_70_02;vn_b_men_nz_army_70_14,Official CfgWeapons equipment vest record.
vest,vn_b_vest_anzac_08,Vest - ANZAC (Pilot M1952A),Vest - ANZAC (Pilot M1952A),1.2,CfgWeapons_Equipment,https://wiki.sogpf.com/index.php?title=CfgWeapons_Equipment&action=raw,WEST,vn_b_men_aircrew_27;vn_b_men_aircrew_28;vn_b_men_aircrew_29;vn_b_men_aircrew_30;vn_b_men_aircrew_31;vn_b_men_aircrew_32;vn_b_men_aircrew_33;vn_b_men_aircrew_34,Official CfgWeapons equipment vest record.
vest,vn_b_vest_anzac_09,Vest - ANZAC (Crewman M1952A),Vest - ANZAC (Crewman M1952A),1.2,CfgWeapons_Equipment,https://wiki.sogpf.com/index.php?title=CfgWeapons_Equipment&action=raw,WEST,vn_b_men_aus_army_66_13;vn_b_men_aus_army_66_24;vn_b_men_aus_army_66_25;vn_b_men_aus_army_66_26;vn_b_men_aus_army_66_27;vn_b_men_aus_army_68_13;vn_b_men_aus_army_70_13;vn_b_men_aus_army_70_24;vn_b_men_aus_army_70_25;vn_b_men_aus_army_70_26;vn_b_men_aus_army_70_27;vn_b_men_nz_army_66_21;vn_b_men_nz_army_66_22,Official CfgWeapons equipment vest record.
vest,vn_b_vest_anzac_10,Vest - ANZAC (Crewman),Vest - ANZAC (Crewman),1.2,CfgWeapons_Equipment,https://wiki.sogpf.com/index.php?title=CfgWeapons_Equipment&action=raw,WEST,vn_b_men_aus_army_66_01;vn_b_men_aus_army_66_14;vn_b_men_aus_army_66_20;vn_b_men_aus_army_66_22;vn_b_men_aus_army_66_23;vn_b_men_aus_army_68_01;vn_b_men_aus_army_68_14;vn_b_men_aus_army_68_20;vn_b_men_aus_army_68_22;vn_b_men_aus_army_70_01;vn_b_men_aus_army_70_14;vn_b_men_aus_army_70_20;vn_b_men_aus_army_70_22;vn_b_men_aus_army_70_23;vn_b_men_nz_army_66_01;vn_b_men_nz_army_66_18;vn_b_men_nz_army_66_20;vn_b_men_nz_army_68_01;vn_b_men_nz_army_68_18;vn_b_men_nz_army_68_20;vn_b_men_nz_army_70_01;vn_b_men_nz_army_70_18;vn_b_men_nz_army_70_20,Official CfgWeapons equipment vest record.
vest,vn_b_vest_sas_01,Vest - SAS (Scout),Vest - SAS (Scout),1.2,CfgWeapons_Equipment,https://wiki.sogpf.com/index.php?title=CfgWeapons_Equipment&action=raw,WEST,vn_b_men_aus_sas_66_02;vn_b_men_aus_sas_66_03;vn_b_men_aus_sas_66_04;vn_b_men_aus_sas_66_05;vn_b_men_aus_sas_66_06;vn_b_men_aus_sas_66_12;vn_b_men_aus_sas_66_13;vn_b_men_aus_sas_66_14;vn_b_men_aus_sas_70_02;vn_b_men_aus_sas_70_03;vn_b_men_aus_sas_70_04;vn_b_men_aus_sas_70_05;vn_b_men_aus_sas_70_06;vn_b_men_aus_sas_70_12;vn_b_men_aus_sas_70_13;vn_b_men_aus_sas_70_14;vn_b_men_nz_sas_66_02;vn_b_men_nz_sas_66_03;vn_b_men_nz_sas_66_04;vn_b_men_nz_sas_66_05;vn_b_men_nz_sas_66_06;vn_b_men_nz_sas_66_12;vn_b_men_nz_sas_66_13;vn_b_men_nz_sas_66_14;vn_b_men_nz_sas_70_02;vn_b_men_nz_sas_70_03;vn_b_men_nz_sas_70_04;vn_b_men_nz_sas_70_05;vn_b_men_nz_sas_70_06;vn_b_men_nz_sas_70_12;vn_b_men_nz_sas_70_13;vn_b_men_nz_sas_70_14,Official CfgWeapons equipment vest record.
vest,vn_b_vest_sas_02,Vest - SAS (Grenadier),Vest - SAS (Grenadier),1.2,CfgWeapons_Equipment,https://wiki.sogpf.com/index.php?title=CfgWeapons_Equipment&action=raw,WEST,vn_b_men_aus_sas_66_08;vn_b_men_aus_sas_66_09;vn_b_men_aus_sas_66_10;vn_b_men_aus_sas_66_11;vn_b_men_aus_sas_70_08;vn_b_men_aus_sas_70_09;vn_b_men_aus_sas_70_10;vn_b_men_aus_sas_70_11;vn_b_men_nz_sas_66_08;vn_b_men_nz_sas_66_09;vn_b_men_nz_sas_66_10;vn_b_men_nz_sas_66_11;vn_b_men_nz_sas_70_08;vn_b_men_nz_sas_70_09;vn_b_men_nz_sas_70_10;vn_b_men_nz_sas_70_11,Official CfgWeapons equipment vest record.
vest,vn_b_vest_sas_03,Vest - SAS (MG),Vest - SAS (MG),1.2,CfgWeapons_Equipment,https://wiki.sogpf.com/index.php?title=CfgWeapons_Equipment&action=raw,WEST,vn_b_men_aus_sas_66_07;vn_b_men_aus_sas_70_07;vn_b_men_nz_sas_66_07;vn_b_men_nz_sas_70_07,Official CfgWeapons equipment vest record.
vest,vn_b_vest_sas_04,Vest - SAS (Patrol Commander),Vest - SAS (Patrol Commander),1.2,CfgWeapons_Equipment,https://wiki.sogpf.com/index.php?title=CfgWeapons_Equipment&action=raw,WEST,vn_b_men_aus_sas_66_01;vn_b_men_aus_sas_70_01;vn_b_men_nz_sas_66_01;vn_b_men_nz_sas_70_01,Official CfgWeapons equipment vest record.
vest,vn_b_vest_seal_01,Vest - SEAL (diver),"Vest - SEAL (diver) containing 2 air tanks, double hose, flotation vest and weighted belt",1.1,CfgWeapons_Equipment,https://wiki.sogpf.com/index.php?title=CfgWeapons_Equipment&action=raw,WEST,vn_b_men_seal_28;vn_b_men_seal_29;vn_b_men_seal_30;vn_b_men_seal_31;vn_b_men_seal_32;vn_b_men_seal_33;vn_b_men_seal_34;vn_b_men_seal_35;vn_b_men_seal_36,Official CfgWeapons equipment vest record.
vest,vn_b_vest_seal_02,Vest - SEAL (TL),Vest - SEAL (TL),1.1,CfgWeapons_Equipment,https://wiki.sogpf.com/index.php?title=CfgWeapons_Equipment&action=raw,WEST,vn_b_men_seal_07;vn_b_men_seal_09;vn_b_men_seal_13;vn_b_men_seal_14;vn_b_men_seal_18;vn_b_men_seal_38,Official CfgWeapons equipment vest record.
vest,vn_b_vest_seal_03,Vest - SEAL (MG),Vest - SEAL (MG),1.1,CfgWeapons_Equipment,https://wiki.sogpf.com/index.php?title=CfgWeapons_Equipment&action=raw,WEST,vn_b_men_seal_05;vn_b_men_seal_16;vn_b_men_seal_17;vn_b_men_seal_19;vn_b_men_seal_40,Official CfgWeapons equipment vest record.
vest,vn_b_vest_seal_04,Vest - SEAL (Rifleman),Vest - SEAL (Rifleman),1.1,CfgWeapons_Equipment,https://wiki.sogpf.com/index.php?title=CfgWeapons_Equipment&action=raw,WEST,vn_b_men_seal_06;vn_b_men_seal_08;vn_b_men_seal_10;vn_b_men_seal_20;vn_b_men_seal_41,Official CfgWeapons equipment vest record.
vest,vn_b_vest_seal_05,Vest - SEAL (Scout),Vest - SEAL (Scout),1.1,CfgWeapons_Equipment,https://wiki.sogpf.com/index.php?title=CfgWeapons_Equipment&action=raw,WEST,vn_b_men_seal_04;vn_b_men_seal_39,Official CfgWeapons equipment vest record.
vest,vn_b_vest_seal_06,Vest - SEAL (Medic),Vest - SEAL (Medic),1.1,CfgWeapons_Equipment,https://wiki.sogpf.com/index.php?title=CfgWeapons_Equipment&action=raw,WEST,vn_b_men_seal_01;vn_b_men_seal_02;vn_b_men_seal_11;vn_b_men_seal_15;vn_b_men_seal_21;vn_b_men_seal_22;vn_b_men_seal_37,Official CfgWeapons equipment vest record.
vest,vn_b_vest_seal_07,Vest - SEAL (Grenadier),Vest - SEAL (Grenadier),1.1,CfgWeapons_Equipment,https://wiki.sogpf.com/index.php?title=CfgWeapons_Equipment&action=raw,WEST,vn_b_men_seal_03;vn_b_men_seal_12,Official CfgWeapons equipment vest record.
vest,vn_b_vest_sog_01,Vest - SOG (One-Zero TL),Vest - SOG (One-Zero TL),1.0,CfgWeapons_Equipment,https://wiki.sogpf.com/index.php?title=CfgWeapons_Equipment&action=raw,WEST,vn_b_men_sog_01;vn_b_men_sog_04;vn_b_men_sog_07;vn_b_men_sog_11;vn_b_men_sog_13;vn_b_men_sog_28,Official CfgWeapons equipment vest record.
vest,vn_b_vest_sog_02,Vest - SOG (One-Two Medic),Vest - SOG (One-Two Medic),1.0,CfgWeapons_Equipment,https://wiki.sogpf.com/index.php?title=CfgWeapons_Equipment&action=raw,WEST,vn_b_men_sog_03;vn_b_men_sog_10;vn_b_men_sog_15;vn_b_men_sog_20;vn_b_men_sog_31,Official CfgWeapons equipment vest record.
vest,vn_b_vest_sog_03,Vest - SOG (Demolitions),Vest - SOG (Demolitions),1.0,CfgWeapons_Equipment,https://wiki.sogpf.com/index.php?title=CfgWeapons_Equipment&action=raw,WEST,vn_b_men_sog_08,Official CfgWeapons equipment vest record.
vest,vn_b_vest_sog_04,Vest - SOG (Scout),Vest - SOG (Scout),1.0,CfgWeapons_Equipment,https://wiki.sogpf.com/index.php?title=CfgWeapons_Equipment&action=raw,WEST,vn_b_men_sog_09;vn_b_men_sog_12;vn_b_men_sog_19;vn_b_men_sog_21;vn_b_men_sog_29;vn_b_men_sog_30,Official CfgWeapons equipment vest record.
vest,vn_b_vest_sog_05,Vest - SOG (MG),Vest - SOG (MG),1.0,CfgWeapons_Equipment,https://wiki.sogpf.com/index.php?title=CfgWeapons_Equipment&action=raw,WEST,vn_b_men_sog_06;vn_b_men_sog_16;vn_b_men_sog_18,Official CfgWeapons equipment vest record.
vest,vn_b_vest_sog_06,Vest - SOG (One-One RTO),Vest - SOG (One-One RTO),1.0,CfgWeapons_Equipment,https://wiki.sogpf.com/index.php?title=CfgWeapons_Equipment&action=raw,WEST,vn_b_men_sog_02;vn_b_men_sog_05;vn_b_men_sog_14;vn_b_men_sog_17,Official CfgWeapons equipment vest record.
vest,vn_b_vest_usarmy_01,Vest - Army (Sentry),Vest - Army (Sentry),1.0,CfgWeapons_Equipment,https://wiki.sogpf.com/index.php?title=CfgWeapons_Equipment&action=raw,WEST;INDEPENDENT,vn_b_men_aircrew_19;vn_b_men_aircrew_20;vn_b_men_army_26;vn_b_men_army_28;vn_b_men_cidg_22;vn_b_men_rok_army_65_26;vn_b_men_rok_army_65_28;vn_b_men_rok_army_68_26;vn_b_men_rok_army_68_28;vn_b_men_rok_marine_65_28;vn_b_men_rok_marine_68_28;vn_b_men_sf_22;vn_b_men_sog_22;vn_b_men_sog_23;vn_b_men_sog_24;vn_b_men_sog_25;vn_b_men_sog_26;vn_b_men_sog_27;vn_i_men_army_26;vn_i_men_fank_71_05;vn_i_men_fank_71_13;vn_i_men_fank_71_26;vn_i_men_marine_22;vn_i_men_ranger_22;vn_i_men_rla_22;vn_i_men_sf_13,Official CfgWeapons equipment vest record.
vest,vn_b_vest_usarmy_02,Vest - Army (Rifleman 01),Vest - Army (Rifleman 01),1.0,CfgWeapons_Equipment,https://wiki.sogpf.com/index.php?title=CfgWeapons_Equipment&action=raw,WEST;INDEPENDENT,vn_b_men_army_02;vn_b_men_army_12;vn_b_men_army_15;vn_b_men_army_21;vn_b_men_cidg_01;vn_b_men_cidg_02;vn_b_men_cidg_04;vn_b_men_cidg_05;vn_b_men_cidg_06;vn_b_men_cidg_08;vn_b_men_cidg_09;vn_b_men_cidg_11;vn_b_men_cidg_13;vn_b_men_cidg_16;vn_b_men_cidg_19;vn_b_men_cidg_20;vn_b_men_lrrp_01;vn_b_men_lrrp_02;vn_b_men_lrrp_04;vn_b_men_lrrp_05;vn_b_men_lrrp_06;vn_b_men_lrrp_07;vn_b_men_rok_army_65_02;vn_b_men_rok_army_65_12;vn_b_men_rok_army_65_15;vn_b_men_rok_army_65_21;vn_b_men_rok_army_68_02;vn_b_men_rok_army_68_12;vn_b_men_rok_army_68_15;vn_b_men_rok_army_68_21;vn_b_men_rok_marine_65_02;vn_b_men_rok_marine_65_12;vn_b_men_rok_marine_65_15;vn_b_men_rok_marine_65_21;vn_b_men_rok_marine_68_02;vn_b_men_rok_marine_68_12;vn_b_men_rok_marine_68_15;vn_b_men_rok_marine_68_21;vn_b_men_seal_25;vn_b_men_seal_43;vn_b_men_seal_48;vn_b_men_seal_49;vn_b_men_sf_01;vn_b_men_sf_02;vn_b_men_sf_04;vn_b_men_sf_05;vn_b_men_sf_06;vn_b_men_sf_08;vn_b_men_sf_09;vn_b_men_sf_11;vn_b_men_sf_13;vn_b_men_sf_16;vn_b_men_sf_19;vn_b_men_sf_20;vn_i_men_army_02;vn_i_men_army_12;vn_i_men_army_15;vn_i_men_army_21;vn_i_men_fank_71_02;vn_i_men_fank_71_04;vn_i_men_fank_71_12;vn_i_men_fank_71_14;vn_i_men_fank_71_15;vn_i_men_fank_71_21;vn_i_men_marine_02;vn_i_men_marine_12;vn_i_men_marine_15;vn_i_men_marine_21;vn_i_men_ranger_02;vn_i_men_ranger_12;vn_i_men_ranger_15;vn_i_men_ranger_21;vn_i_men_rla_02;vn_i_men_rla_12;vn_i_men_rla_15;vn_i_men_rla_21;vn_i_men_sf_02;vn_i_men_sf_12,Official CfgWeapons equipment vest record.
vest,vn_b_vest_usarmy_03,Vest - Army (Rifleman 02),Vest - Army (Rifleman 02),1.0,CfgWeapons_Equipment,https://wiki.sogpf.com/index.php?title=CfgWeapons_Equipment&action=raw,WEST;INDEPENDENT,vn_b_men_army_08;vn_b_men_army_16;vn_b_men_army_20;vn_b_men_cidg_03;vn_b_men_cidg_07;vn_b_men_cidg_10;vn_b_men_cidg_12;vn_b_men_cidg_14;vn_b_men_cidg_15;vn_b_men_cidg_17;vn_b_men_cidg_18;vn_b_men_cidg_21;vn_b_men_lrrp_03;vn_b_men_medt_03;vn_b_men_rok_army_65_08;vn_b_men_rok_army_65_16;vn_b_men_rok_army_65_20;vn_b_men_rok_army_68_08;vn_b_men_rok_army_68_16;vn_b_men_rok_army_68_20;vn_b_men_rok_marine_65_08;vn_b_men_rok_marine_65_16;vn_b_men_rok_marine_65_20;vn_b_men_rok_marine_68_08;vn_b_men_rok_marine_68_16;vn_b_men_rok_marine_68_20;vn_b_men_seal_27;vn_b_men_seal_47;vn_b_men_sf_03;vn_b_men_sf_07;vn_b_men_sf_10;vn_b_men_sf_12;vn_b_men_sf_14;vn_b_men_sf_15;vn_b_men_sf_17;vn_b_men_sf_18;vn_b_men_sf_21;vn_i_men_army_08;vn_i_men_army_16;vn_i_men_army_20;vn_i_men_fank_71_08;vn_i_men_fank_71_16;vn_i_men_fank_71_20;vn_i_men_marine_08;vn_i_men_marine_16;vn_i_men_marine_20;vn_i_men_ranger_08;vn_i_men_ranger_16;vn_i_men_ranger_20;vn_i_men_rla_08;vn_i_men_rla_16;vn_i_men_rla_20;vn_i_men_sf_08,Official CfgWeapons equipment vest record.
vest,vn_b_vest_usarmy_04,Vest - Army (Scout),Vest - Army (Scout),1.0,CfgWeapons_Equipment,https://wiki.sogpf.com/index.php?title=CfgWeapons_Equipment&action=raw,WEST;INDEPENDENT,vn_b_men_army_09;vn_b_men_army_19;vn_b_men_medt_05;vn_b_men_rok_army_65_09;vn_b_men_rok_army_65_19;vn_b_men_rok_army_68_09;vn_b_men_rok_army_68_19;vn_b_men_rok_marine_65_09;vn_b_men_rok_marine_65_19;vn_b_men_rok_marine_68_09;vn_b_men_rok_marine_68_19;vn_b_men_seal_44;vn_i_men_army_09;vn_i_men_army_19;vn_i_men_fank_71_09;vn_i_men_fank_71_19;vn_i_men_fank_71_22;vn_i_men_marine_09;vn_i_men_marine_19;vn_i_men_ranger_09;vn_i_men_ranger_19;vn_i_men_rla_09;vn_i_men_rla_19;vn_i_men_sf_09,Official CfgWeapons equipment vest record.
vest,vn_b_vest_usarmy_05,Vest - Army (Grenadier),Vest - Army (Grenadier),1.0,CfgWeapons_Equipment,https://wiki.sogpf.com/index.php?title=CfgWeapons_Equipment&action=raw,WEST;INDEPENDENT,vn_b_men_army_07;vn_b_men_army_17;vn_b_men_medt_04;vn_b_men_rok_army_65_07;vn_b_men_rok_army_65_17;vn_b_men_rok_army_68_07;vn_b_men_rok_army_68_17;vn_b_men_rok_marine_65_07;vn_b_men_rok_marine_65_17;vn_b_men_rok_marine_68_07;vn_b_men_rok_marine_68_17;vn_b_men_seal_46;vn_b_men_seal_50;vn_b_men_seal_51;vn_i_men_army_07;vn_i_men_army_17;vn_i_men_fank_71_07;vn_i_men_fank_71_17;vn_i_men_marine_07;vn_i_men_marine_17;vn_i_men_ranger_07;vn_i_men_ranger_17;vn_i_men_rla_07;vn_i_men_rla_17;vn_i_men_sf_07,Official CfgWeapons equipment vest record.
vest,vn_b_vest_usarmy_06,Vest - Army (MG),Vest - Army (MG),1.0,CfgWeapons_Equipment,https://wiki.sogpf.com/index.php?title=CfgWeapons_Equipment&action=raw,WEST;INDEPENDENT,vn_b_men_army_06;vn_b_men_army_27;vn_b_men_rok_army_65_06;vn_b_men_rok_army_65_27;vn_b_men_rok_army_68_06;vn_b_men_rok_army_68_27;vn_b_men_rok_marine_65_06;vn_b_men_rok_marine_68_06;vn_b_men_seal_26;vn_b_men_seal_45;vn_i_men_army_06;vn_i_men_army_11;vn_i_men_fank_71_06;vn_i_men_fank_71_11;vn_i_men_marine_06;vn_i_men_marine_11;vn_i_men_ranger_06;vn_i_men_ranger_11;vn_i_men_rla_06;vn_i_men_rla_11;vn_i_men_sf_06;vn_i_men_sf_11,Official CfgWeapons equipment vest record.
vest,vn_b_vest_usarmy_07,Vest - Army (Medic),Vest - Army (Medic),1.0,CfgWeapons_Equipment,https://wiki.sogpf.com/index.php?title=CfgWeapons_Equipment&action=raw,WEST;INDEPENDENT,vn_b_men_army_03;vn_b_men_medt_02;vn_b_men_rok_army_65_03;vn_b_men_rok_army_68_03;vn_b_men_rok_marine_65_03;vn_b_men_rok_marine_68_03;vn_b_men_seal_24;vn_b_men_seal_42;vn_i_men_army_03;vn_i_men_fank_71_03;vn_i_men_marine_03;vn_i_men_ranger_03;vn_i_men_rla_03;vn_i_men_sf_03,Official CfgWeapons equipment vest record.
vest,vn_b_vest_usarmy_08,Vest - Army (Marksman),Vest - Army (Marksman),1.0,CfgWeapons_Equipment,https://wiki.sogpf.com/index.php?title=CfgWeapons_Equipment&action=raw,WEST;INDEPENDENT,vn_b_men_army_10;vn_b_men_army_11;vn_b_men_army_18;vn_b_men_rok_army_65_10;vn_b_men_rok_army_65_11;vn_b_men_rok_army_65_18;vn_b_men_rok_army_68_10;vn_b_men_rok_army_68_11;vn_b_men_rok_army_68_18;vn_b_men_rok_marine_65_10;vn_b_men_rok_marine_65_11;vn_b_men_rok_marine_65_18;vn_b_men_rok_marine_68_10;vn_b_men_rok_marine_68_11;vn_b_men_rok_marine_68_18;vn_i_men_army_10;vn_i_men_army_18;vn_i_men_fank_71_10;vn_i_men_fank_71_18;vn_i_men_marine_10;vn_i_men_marine_18;vn_i_men_ranger_10;vn_i_men_ranger_18;vn_i_men_rla_10;vn_i_men_rla_18;vn_i_men_sf_10,Official CfgWeapons equipment vest record.
vest,vn_b_vest_usarmy_09,Vest - Army (Officer),Vest - Army (Officer),1.0,CfgWeapons_Equipment,https://wiki.sogpf.com/index.php?title=CfgWeapons_Equipment&action=raw,WEST;INDEPENDENT,vn_b_men_army_01;vn_b_men_rok_army_65_01;vn_b_men_rok_army_68_01;vn_b_men_rok_marine_65_01;vn_b_men_rok_marine_68_01;vn_b_men_seal_23;vn_i_men_army_01;vn_i_men_marine_01;vn_i_men_ranger_01;vn_i_men_rla_01;vn_i_men_sf_01,Official CfgWeapons equipment vest record.
vest,vn_b_vest_usarmy_10,Vest - Army (Crewman),Vest - Army (Crewman),1.0,CfgWeapons_Equipment,https://wiki.sogpf.com/index.php?title=CfgWeapons_Equipment&action=raw,WEST;INDEPENDENT,vn_b_men_medt_01;vn_b_men_medt_06;vn_i_men_army_23;vn_i_men_fank_71_23;vn_i_men_fank_71_24;vn_i_men_fank_71_25,Official CfgWeapons equipment vest record.
vest,vn_b_vest_usarmy_11,Vest - Army (Crewman M1952A holster),"Vest - Army (Crewman M1952A holster, flak jacket, ballistic protection)",1.0,CfgWeapons_Equipment,https://wiki.sogpf.com/index.php?title=CfgWeapons_Equipment&action=raw,WEST;INDEPENDENT,vn_b_men_army_04;vn_b_men_army_13;vn_b_men_navy_09;vn_b_men_rok_army_65_04;vn_b_men_rok_army_65_13;vn_b_men_rok_army_68_04;vn_b_men_rok_army_68_13;vn_b_men_rok_marine_65_04;vn_b_men_rok_marine_65_13;vn_b_men_rok_marine_68_04;vn_b_men_rok_marine_68_13;vn_i_men_army_04;vn_i_men_army_13;vn_i_men_army_24;vn_i_men_marine_04;vn_i_men_marine_13;vn_i_men_ranger_04;vn_i_men_ranger_13;vn_i_men_rla_04;vn_i_men_rla_13;vn_i_men_sf_04,Official CfgWeapons equipment vest record.
vest,vn_b_vest_usarmy_12,Vest - Army (Crewman M1952A),"Vest - Army (Crewman M1952A flak jacket, ballistic protection)",1.0,CfgWeapons_Equipment,https://wiki.sogpf.com/index.php?title=CfgWeapons_Equipment&action=raw,WEST;INDEPENDENT,vn_b_men_army_05;vn_b_men_army_14;vn_b_men_army_31;vn_b_men_lrrp_09;vn_b_men_navy_03;vn_b_men_navy_04;vn_b_men_rok_army_65_05;vn_b_men_rok_army_65_14;vn_b_men_rok_army_65_31;vn_b_men_rok_army_68_05;vn_b_men_rok_army_68_14;vn_b_men_rok_army_68_31;vn_b_men_rok_marine_65_05;vn_b_men_rok_marine_65_14;vn_b_men_rok_marine_65_31;vn_b_men_rok_marine_68_05;vn_b_men_rok_marine_68_14;vn_b_men_rok_marine_68_31;vn_i_men_army_05;vn_i_men_army_14;vn_i_men_army_25;vn_i_men_fank_71_01;vn_i_men_marine_05;vn_i_men_marine_14;vn_i_men_marine_25;vn_i_men_ranger_05;vn_i_men_ranger_14;vn_i_men_rla_05;vn_i_men_rla_14;vn_i_men_rla_25;vn_i_men_sf_05,Official CfgWeapons equipment vest record.
vest,vn_b_vest_usarmy_13,Vest - Army (Crewman M69 holster),"Vest - Army (Crewman M69 holster, flak jacket, ballistic protection)",1.0,CfgWeapons_Equipment,https://wiki.sogpf.com/index.php?title=CfgWeapons_Equipment&action=raw,WEST;INDEPENDENT,vn_b_men_army_24;vn_b_men_army_25;vn_b_men_army_29;vn_b_men_lrrp_08;vn_b_men_navy_01;vn_b_men_navy_05;vn_b_men_navy_07;vn_b_men_rok_army_65_29;vn_b_men_rok_army_68_24;vn_b_men_rok_army_68_25;vn_b_men_rok_army_68_29;vn_b_men_rok_marine_65_29;vn_b_men_rok_marine_68_29;vn_b_men_usmc_66_24;vn_b_men_usmc_66_25;vn_b_men_usmc_68_24;vn_b_men_usmc_68_25;vn_b_men_usmc_70_24;vn_b_men_usmc_70_25;vn_i_men_marine_23;vn_i_men_rla_23,Official CfgWeapons equipment vest record.
vest,vn_b_vest_usarmy_14,Vest - Army (Crewman M69),"Vest - Army (Crewman M69, flak jacket, ballistic protection)",1.0,CfgWeapons_Equipment,https://wiki.sogpf.com/index.php?title=CfgWeapons_Equipment&action=raw,WEST;INDEPENDENT,vn_b_men_army_22;vn_b_men_army_23;vn_b_men_army_30;vn_b_men_navy_02;vn_b_men_navy_06;vn_b_men_navy_08;vn_b_men_rok_army_65_30;vn_b_men_rok_army_68_23;vn_b_men_rok_army_68_30;vn_b_men_rok_marine_65_30;vn_b_men_rok_marine_68_30;vn_b_men_usmc_66_23;vn_b_men_usmc_68_23;vn_b_men_usmc_70_23;vn_i_men_army_22;vn_i_men_marine_24;vn_i_men_rla_24,Official CfgWeapons equipment vest record.
vest,vn_b_vest_usmc_01,Vest - USMC (Rifleman 01),Vest - USMC (Rifleman 01),1.3,CfgWeapons_Equipment,https://wiki.sogpf.com/index.php?title=CfgWeapons_Equipment&action=raw,WEST,vn_b_men_usmc_66_01;vn_b_men_usmc_66_02;vn_b_men_usmc_66_04;vn_b_men_usmc_66_05;vn_b_men_usmc_66_08;vn_b_men_usmc_66_09;vn_b_men_usmc_66_10;vn_b_men_usmc_66_11;vn_b_men_usmc_66_12;vn_b_men_usmc_66_13;vn_b_men_usmc_66_14;vn_b_men_usmc_66_15;vn_b_men_usmc_66_16;vn_b_men_usmc_66_17;vn_b_men_usmc_66_18;vn_b_men_usmc_66_19;vn_b_men_usmc_66_20;vn_b_men_usmc_66_21;vn_b_men_usmc_66_22;vn_b_men_usmc_66_26;vn_b_men_usmc_66_27;vn_b_men_usmc_66_28;vn_b_men_usmc_68_04;vn_b_men_usmc_68_08;vn_b_men_usmc_68_09;vn_b_men_usmc_68_10;vn_b_men_usmc_68_13;vn_b_men_usmc_68_16;vn_b_men_usmc_68_17;vn_b_men_usmc_68_18;vn_b_men_usmc_68_20;vn_b_men_usmc_68_22;vn_b_men_usmc_68_26;vn_b_men_usmc_70_04;vn_b_men_usmc_70_08;vn_b_men_usmc_70_09;vn_b_men_usmc_70_10;vn_b_men_usmc_70_13;vn_b_men_usmc_70_16;vn_b_men_usmc_70_17;vn_b_men_usmc_70_18;vn_b_men_usmc_70_20;vn_b_men_usmc_70_22;vn_b_men_usmc_70_26,Official CfgWeapons equipment vest record.
vest,vn_b_vest_usmc_02,Vest - USMC (Rifleman 02),Vest - USMC (Rifleman 02),1.3,CfgWeapons_Equipment,https://wiki.sogpf.com/index.php?title=CfgWeapons_Equipment&action=raw,WEST,vn_b_men_usmc_68_05;vn_b_men_usmc_68_11;vn_b_men_usmc_68_12;vn_b_men_usmc_68_15;vn_b_men_usmc_68_19;vn_b_men_usmc_68_21;vn_b_men_usmc_68_27;vn_b_men_usmc_68_28;vn_b_men_usmc_70_05;vn_b_men_usmc_70_11;vn_b_men_usmc_70_12;vn_b_men_usmc_70_15;vn_b_men_usmc_70_19;vn_b_men_usmc_70_21;vn_b_men_usmc_70_27;vn_b_men_usmc_70_28,Official CfgWeapons equipment vest record.
vest,vn_b_vest_usmc_03,Vest - USMC (MG),Vest - USMC (MG),1.3,CfgWeapons_Equipment,https://wiki.sogpf.com/index.php?title=CfgWeapons_Equipment&action=raw,WEST,vn_b_men_usmc_66_06;vn_b_men_usmc_68_06;vn_b_men_usmc_70_06,Official CfgWeapons equipment vest record.
vest,vn_b_vest_usmc_04,Vest - USMC (Grenadier),Vest - USMC (Grenadier),1.3,CfgWeapons_Equipment,https://wiki.sogpf.com/index.php?title=CfgWeapons_Equipment&action=raw,WEST,vn_b_men_usmc_66_07;vn_b_men_usmc_68_07;vn_b_men_usmc_70_07,Official CfgWeapons equipment vest record.
vest,vn_b_vest_usmc_05,Vest - USMC (Corpsman),Vest - USMC (Corpsman),1.3,CfgWeapons_Equipment,https://wiki.sogpf.com/index.php?title=CfgWeapons_Equipment&action=raw,WEST,vn_b_men_usmc_66_03;vn_b_men_usmc_68_03;vn_b_men_usmc_70_03,Official CfgWeapons equipment vest record.
vest,vn_b_vest_usmc_06,Vest - USMC (Officer),Vest - USMC (Officer),1.3,CfgWeapons_Equipment,https://wiki.sogpf.com/index.php?title=CfgWeapons_Equipment&action=raw,WEST,vn_b_men_usmc_68_01;vn_b_men_usmc_68_02;vn_b_men_usmc_68_14;vn_b_men_usmc_70_01;vn_b_men_usmc_70_02;vn_b_men_usmc_70_14,Official CfgWeapons equipment vest record.
vest,vn_b_vest_usmc_07,Vest - USMC (Rifleman/ recon),Vest - USMC (Rifleman/ recon),1.3,CfgWeapons_Equipment,https://wiki.sogpf.com/index.php?title=CfgWeapons_Equipment&action=raw,WEST,vn_b_men_usmc_recon_66_01;vn_b_men_usmc_recon_66_02;vn_b_men_usmc_recon_66_03;vn_b_men_usmc_recon_66_04;vn_b_men_usmc_recon_66_06;vn_b_men_usmc_recon_66_07;vn_b_men_usmc_recon_66_08;vn_b_men_usmc_recon_68_01;vn_b_men_usmc_recon_68_02;vn_b_men_usmc_recon_68_03;vn_b_men_usmc_recon_68_04;vn_b_men_usmc_recon_68_06;vn_b_men_usmc_recon_68_07;vn_b_men_usmc_recon_68_08;vn_b_men_usmc_recon_70_01;vn_b_men_usmc_recon_70_02;vn_b_men_usmc_recon_70_03;vn_b_men_usmc_recon_70_04;vn_b_men_usmc_recon_70_06;vn_b_men_usmc_recon_70_07;vn_b_men_usmc_recon_70_08,Official CfgWeapons equipment vest record.
vest,vn_b_vest_usmc_08,Vest - USMC (MG/ recon),Vest - USMC (MG/ recon),1.3,CfgWeapons_Equipment,https://wiki.sogpf.com/index.php?title=CfgWeapons_Equipment&action=raw,WEST,vn_b_men_usmc_recon_66_05;vn_b_men_usmc_recon_68_05;vn_b_men_usmc_recon_70_05,Official CfgWeapons equipment vest record.
vest,vn_b_vest_usmc_09,Vest - USMC (Grenadier/ recon),Vest - USMC (Grenadier/ recon),1.3,CfgWeapons_Equipment,https://wiki.sogpf.com/index.php?title=CfgWeapons_Equipment&action=raw,WEST,vn_b_men_usmc_recon_66_09;vn_b_men_usmc_recon_68_09;vn_b_men_usmc_recon_70_09,Official CfgWeapons equipment vest record.
vest,vn_o_vest_01,Vest - NVA (Assault),Vest - NVA (Assault),1.0,CfgWeapons_Equipment,https://wiki.sogpf.com/index.php?title=CfgWeapons_Equipment&action=raw,EAST;INDEPENDENT,vn_i_men_fank_70_02;vn_i_men_fank_70_09;vn_i_men_fank_70_14;vn_i_men_fank_70_15;vn_i_men_fank_70_20;vn_i_men_fank_70_24;vn_o_men_kr_70_18;vn_o_men_kr_70_22;vn_o_men_kr_75_04;vn_o_men_kr_75_05;vn_o_men_kr_75_06;vn_o_men_kr_75_09;vn_o_men_kr_75_15;vn_o_men_kr_75_17;vn_o_men_kr_75_18;vn_o_men_kr_75_19;vn_o_men_kr_75_20;vn_o_men_kr_75_22;vn_o_men_kr_75_23;vn_o_men_nva_04;vn_o_men_nva_05;vn_o_men_nva_18;vn_o_men_nva_19;vn_o_men_nva_49;vn_o_men_nva_50;vn_o_men_nva_65_04;vn_o_men_nva_65_05;vn_o_men_nva_65_18;vn_o_men_nva_65_19;vn_o_men_nva_dc_02;vn_o_men_nva_dc_04;vn_o_men_nva_dc_05;vn_o_men_nva_dc_14;vn_o_men_nva_marine_05;vn_o_men_pl_04;vn_o_men_pl_05;vn_o_men_pl_06;vn_o_men_pl_09;vn_o_men_pl_14;vn_o_men_pl_17;vn_o_men_pl_26;vn_o_men_pl_29;vn_o_men_vc_06,Official CfgWeapons equipment vest record.
vest,vn_o_vest_02,Vest - NVA (Rifle),Vest - NVA (Rifle),1.0,CfgWeapons_Equipment,https://wiki.sogpf.com/index.php?title=CfgWeapons_Equipment&action=raw,EAST;INDEPENDENT,vn_i_men_fank_70_07;vn_i_men_fank_70_10;vn_i_men_fank_70_17;vn_i_men_fank_70_19;vn_o_men_kr_70_04;vn_o_men_kr_70_06;vn_o_men_kr_70_10;vn_o_men_kr_70_12;vn_o_men_kr_70_15;vn_o_men_kr_70_21;vn_o_men_kr_75_03;vn_o_men_kr_75_10;vn_o_men_kr_75_21;vn_o_men_nva_02;vn_o_men_nva_03;vn_o_men_nva_07;vn_o_men_nva_10;vn_o_men_nva_12;vn_o_men_nva_14;vn_o_men_nva_16;vn_o_men_nva_17;vn_o_men_nva_21;vn_o_men_nva_24;vn_o_men_nva_26;vn_o_men_nva_28;vn_o_men_nva_30;vn_o_men_nva_34;vn_o_men_nva_43;vn_o_men_nva_44;vn_o_men_nva_45;vn_o_men_nva_46;vn_o_men_nva_47;vn_o_men_nva_48;vn_o_men_nva_65_02;vn_o_men_nva_65_03;vn_o_men_nva_65_07;vn_o_men_nva_65_10;vn_o_men_nva_65_12;vn_o_men_nva_65_14;vn_o_men_nva_65_16;vn_o_men_nva_65_17;vn_o_men_nva_65_21;vn_o_men_nva_65_24;vn_o_men_nva_65_26;vn_o_men_nva_65_28;vn_o_men_nva_65_30;vn_o_men_nva_65_33;vn_o_men_nva_dc_03;vn_o_men_nva_dc_10;vn_o_men_nva_dc_12;vn_o_men_nva_dc_16;vn_o_men_nva_dc_18;vn_o_men_nva_marine_02;vn_o_men_nva_marine_03;vn_o_men_nva_marine_04;vn_o_men_nva_marine_07;vn_o_men_nva_marine_10;vn_o_men_nva_marine_14;vn_o_men_pl_02;vn_o_men_pl_03;vn_o_men_pl_07;vn_o_men_pl_10;vn_o_men_pl_12;vn_o_men_pl_27;vn_o_men_pl_30;vn_o_men_pl_31,Official CfgWeapons equipment vest record.
vest,vn_o_vest_03,Vest - NVA (MG),Vest - NVA (MG),1.0,CfgWeapons_Equipment,https://wiki.sogpf.com/index.php?title=CfgWeapons_Equipment&action=raw,EAST;INDEPENDENT,vn_i_men_fank_70_06;vn_o_men_kr_75_11;vn_o_men_nva_11;vn_o_men_nva_25;vn_o_men_nva_65_11;vn_o_men_nva_65_25;vn_o_men_nva_dc_11;vn_o_men_nva_marine_11;vn_o_men_nva_navy_11;vn_o_men_pl_11;vn_o_men_pl_24;vn_o_men_pl_25;vn_o_men_vc_11,Official CfgWeapons equipment vest record.
vest,vn_o_vest_04,Vest - VPN,Vest - VPN,1.0,CfgWeapons_Equipment,https://wiki.sogpf.com/index.php?title=CfgWeapons_Equipment&action=raw,,,Official CfgWeapons equipment vest record.
vest,vn_o_vest_05,Vest - VPN (Holster),Vest - VPN (Holster),1.0,CfgWeapons_Equipment,https://wiki.sogpf.com/index.php?title=CfgWeapons_Equipment&action=raw,EAST,vn_o_men_aircrew_01;vn_o_men_aircrew_02;vn_o_men_aircrew_03;vn_o_men_aircrew_04;vn_o_men_nva_marine_12;vn_o_men_nva_navy_01;vn_o_men_nva_navy_02;vn_o_men_nva_navy_03;vn_o_men_nva_navy_04;vn_o_men_nva_navy_05;vn_o_men_nva_navy_06;vn_o_men_nva_navy_07;vn_o_men_nva_navy_08;vn_o_men_nva_navy_09;vn_o_men_nva_navy_10;vn_o_men_nva_navy_12;vn_o_men_nva_navy_13;vn_o_men_nva_navy_14,Official CfgWeapons equipment vest record.
vest,vn_o_vest_06,Vest - NVA (Medic),Vest - NVA (Medic),1.0,CfgWeapons_Equipment,https://wiki.sogpf.com/index.php?title=CfgWeapons_Equipment&action=raw,EAST;INDEPENDENT,vn_i_men_fank_70_03;vn_o_men_kr_70_08;vn_o_men_kr_70_20;vn_o_men_kr_75_08;vn_o_men_nva_08;vn_o_men_nva_13;vn_o_men_nva_22;vn_o_men_nva_27;vn_o_men_nva_29;vn_o_men_nva_33;vn_o_men_nva_38;vn_o_men_nva_39;vn_o_men_nva_41;vn_o_men_nva_42;vn_o_men_nva_65_08;vn_o_men_nva_65_13;vn_o_men_nva_65_22;vn_o_men_nva_65_27;vn_o_men_nva_65_29;vn_o_men_nva_65_32;vn_o_men_nva_65_36;vn_o_men_nva_65_37;vn_o_men_nva_65_39;vn_o_men_nva_65_40;vn_o_men_nva_dc_08;vn_o_men_nva_dc_15;vn_o_men_nva_marine_08;vn_o_men_pl_08;vn_o_men_pl_13;vn_o_men_pl_15;vn_o_men_pl_16;vn_o_men_pl_19;vn_o_men_pl_20;vn_o_men_pl_28,Official CfgWeapons equipment vest record.
vest,vn_o_vest_07,Vest - NVA (Officer),Vest - NVA (Officer),1.0,CfgWeapons_Equipment,https://wiki.sogpf.com/index.php?title=CfgWeapons_Equipment&action=raw,EAST;INDEPENDENT,vn_i_men_fank_70_01;vn_i_men_fank_70_23;vn_i_men_fank_70_26;vn_o_men_kr_70_01;vn_o_men_kr_75_01;vn_o_men_nva_01;vn_o_men_nva_15;vn_o_men_nva_37;vn_o_men_nva_40;vn_o_men_nva_65_01;vn_o_men_nva_65_15;vn_o_men_nva_65_35;vn_o_men_nva_65_38;vn_o_men_nva_dc_01;vn_o_men_nva_marine_01;vn_o_men_nva_marine_13;vn_o_men_pl_01;vn_o_men_pl_18;vn_o_men_pl_21;vn_o_men_pl_22;vn_o_men_pl_23,Official CfgWeapons equipment vest record.
vest,vn_o_vest_08,Vest - NVA (Sapper),Vest - NVA (Sapper),1.0,CfgWeapons_Equipment,https://wiki.sogpf.com/index.php?title=CfgWeapons_Equipment&action=raw,EAST,vn_o_men_kr_70_09;vn_o_men_nva_dc_07;vn_o_men_nva_dc_09,Official CfgWeapons equipment vest record.
vest,vn_o_vest_vc_01,Vest - VC (Assault),Vest - VC (Assault),1.0,CfgWeapons_Equipment,https://wiki.sogpf.com/index.php?title=CfgWeapons_Equipment&action=raw,EAST,vn_o_men_kr_70_07;vn_o_men_kr_70_11;vn_o_men_kr_75_07;vn_o_men_nva_06;vn_o_men_nva_09;vn_o_men_nva_20;vn_o_men_nva_23;vn_o_men_nva_31;vn_o_men_nva_32;vn_o_men_nva_35;vn_o_men_nva_36;vn_o_men_nva_65_06;vn_o_men_nva_65_09;vn_o_men_nva_65_20;vn_o_men_nva_65_23;vn_o_men_nva_65_31;vn_o_men_nva_65_34;vn_o_men_nva_dc_06;vn_o_men_nva_dc_17;vn_o_men_nva_marine_06;vn_o_men_nva_marine_09;vn_o_men_vc_04;vn_o_men_vc_05;vn_o_men_vc_09;vn_o_men_vc_17;vn_o_men_vc_local_04;vn_o_men_vc_local_05;vn_o_men_vc_local_09;vn_o_men_vc_local_18;vn_o_men_vc_local_19;vn_o_men_vc_local_23;vn_o_men_vc_local_30;vn_o_men_vc_regional_04;vn_o_men_vc_regional_05,Official CfgWeapons equipment vest record.
vest,vn_o_vest_vc_02,Vest - VC (Rifle),Vest - VC (Rifle),1.0,CfgWeapons_Equipment,https://wiki.sogpf.com/index.php?title=CfgWeapons_Equipment&action=raw,EAST;INDEPENDENT,vn_i_men_fank_70_12;vn_i_men_fank_70_16;vn_i_men_fank_70_21;vn_o_men_kr_70_02;vn_o_men_kr_70_03;vn_o_men_kr_70_13;vn_o_men_kr_70_16;vn_o_men_kr_70_17;vn_o_men_kr_75_02;vn_o_men_kr_75_12;vn_o_men_kr_75_16;vn_o_men_vc_02;vn_o_men_vc_03;vn_o_men_vc_07;vn_o_men_vc_10;vn_o_men_vc_12;vn_o_men_vc_local_02;vn_o_men_vc_local_03;vn_o_men_vc_local_06;vn_o_men_vc_local_07;vn_o_men_vc_local_10;vn_o_men_vc_local_12;vn_o_men_vc_local_13;vn_o_men_vc_local_14;vn_o_men_vc_local_16;vn_o_men_vc_local_17;vn_o_men_vc_local_20;vn_o_men_vc_local_21;vn_o_men_vc_local_24;vn_o_men_vc_local_26;vn_o_men_vc_local_27;vn_o_men_vc_local_28;vn_o_men_vc_local_31;vn_o_men_vc_regional_02;vn_o_men_vc_regional_03;vn_o_men_vc_regional_06;vn_o_men_vc_regional_07;vn_o_men_vc_regional_09;vn_o_men_vc_regional_10;vn_o_men_vc_regional_12;vn_o_men_vc_regional_13;vn_o_men_vc_regional_14,Official CfgWeapons equipment vest record.
vest,vn_o_vest_vc_03,Vest - VC (MG),Vest - VC (MG),1.0,CfgWeapons_Equipment,https://wiki.sogpf.com/index.php?title=CfgWeapons_Equipment&action=raw,EAST;INDEPENDENT,vn_i_men_fank_70_11;vn_o_men_vc_local_11;vn_o_men_vc_local_25;vn_o_men_vc_local_32;vn_o_men_vc_regional_11,Official CfgWeapons equipment vest record.
vest,vn_o_vest_vc_04,Vest - VC (Medic),Vest - VC (Medic),1.0,CfgWeapons_Equipment,https://wiki.sogpf.com/index.php?title=CfgWeapons_Equipment&action=raw,EAST,vn_o_men_kr_70_14;vn_o_men_kr_70_23;vn_o_men_nva_dc_13;vn_o_men_vc_08;vn_o_men_vc_14;vn_o_men_vc_local_08;vn_o_men_vc_local_22;vn_o_men_vc_local_29;vn_o_men_vc_regional_08,Official CfgWeapons equipment vest record.
vest,vn_o_vest_vc_05,Vest - VC (Leader),Vest - VC (Leader),1.0,CfgWeapons_Equipment,https://wiki.sogpf.com/index.php?title=CfgWeapons_Equipment&action=raw,EAST;INDEPENDENT,vn_i_men_fank_70_04;vn_i_men_fank_70_05;vn_i_men_fank_70_08;vn_i_men_fank_70_13;vn_i_men_fank_70_18;vn_i_men_fank_70_22;vn_i_men_fank_70_25;vn_o_men_kr_70_05;vn_o_men_kr_70_19;vn_o_men_kr_70_24;vn_o_men_kr_75_13;vn_o_men_kr_75_14;vn_o_men_vc_01;vn_o_men_vc_13;vn_o_men_vc_15;vn_o_men_vc_16;vn_o_men_vc_local_01;vn_o_men_vc_local_15;vn_o_men_vc_regional_01,Official CfgWeapons equipment vest record.
